-- phpMyAdmin SQL Dump
-- version 5.2.1
-- https://www.phpmyadmin.net/
--
-- Máy chủ: 127.0.0.1
-- Thời gian đã tạo: Th10 05, 2023 lúc 08:15 PM
-- Phiên bản máy phục vụ: 10.4.28-MariaDB
-- Phiên bản PHP: 8.2.4

SET SQL_MODE = "NO_AUTO_VALUE_ON_ZERO";
START TRANSACTION;
SET time_zone = "+00:00";


/*!40101 SET @OLD_CHARACTER_SET_CLIENT=@@CHARACTER_SET_CLIENT */;
/*!40101 SET @OLD_CHARACTER_SET_RESULTS=@@CHARACTER_SET_RESULTS */;
/*!40101 SET @OLD_COLLATION_CONNECTION=@@COLLATION_CONNECTION */;
/*!40101 SET NAMES utf8mb4 */;

--
-- Cơ sở dữ liệu: `projectnew`
--

-- --------------------------------------------------------

--
-- Cấu trúc bảng cho bảng `blog`
--

CREATE TABLE `blog` (
  `id` bigint(20) UNSIGNED NOT NULL,
  `title` varchar(255) NOT NULL,
  `id_member` int(11) NOT NULL,
  `id_class` int(11) NOT NULL,
  `id_subject` int(11) NOT NULL,
  `price` varchar(255) NOT NULL,
  `content` text NOT NULL,
  `date` varchar(255) NOT NULL,
  `active` int(11) NOT NULL,
  `id_country` int(11) NOT NULL,
  `id_district` int(11) NOT NULL,
  `created_at` timestamp NULL DEFAULT NULL,
  `updated_at` timestamp NULL DEFAULT NULL
) ENGINE=InnoDB DEFAULT CHARSET=utf8mb4 COLLATE=utf8mb4_unicode_ci;

--
-- Đang đổ dữ liệu cho bảng `blog`
--

INSERT INTO `blog` (`id`, `title`, `id_member`, `id_class`, `id_subject`, `price`, `content`, `date`, `active`, `id_country`, `id_district`, `created_at`, `updated_at`) VALUES
(1, 'tuyển gia sư', 3, 3, 3, '500000', 'tôi muốn tuyển gia sư', '02/10/2023', 0, 2, 2, '2023-10-01 17:23:41', '2023-10-01 17:23:41'),
(2, 'Tuyển dụng tháng 11', 3, 4, 6, '30000', 'bài tuyển dụng', '02/10/2023', 0, 2, 2, '2023-10-01 17:33:09', '2023-10-17 10:55:51'),
(30, 'muốn tìm gia sư Ngữ Văn', 4, 7, 55, '200,000', 'Lịch rảnh của con trai tôi là vào thứ 2 , thứ 4 , thứ 6', '04/11/2023', 0, 16, 177, '2023-11-04 11:25:26', '2023-11-04 14:52:53');

-- --------------------------------------------------------

--
-- Cấu trúc bảng cho bảng `class`
--

CREATE TABLE `class` (
  `id` bigint(20) UNSIGNED NOT NULL,
  `name` varchar(255) NOT NULL,
  `created_at` timestamp NULL DEFAULT NULL,
  `updated_at` timestamp NULL DEFAULT NULL
) ENGINE=InnoDB DEFAULT CHARSET=utf8mb4 COLLATE=utf8mb4_unicode_ci;

--
-- Đang đổ dữ liệu cho bảng `class`
--

INSERT INTO `class` (`id`, `name`, `created_at`, `updated_at`) VALUES
(3, 'Lớp 1', '2023-10-04 01:25:10', '2023-10-04 01:25:10'),
(4, 'Lớp 2', '2023-10-04 01:25:50', '2023-10-04 01:25:50'),
(5, 'Lớp 3', '2023-10-04 01:25:55', '2023-10-04 01:25:55'),
(6, 'Lớp 4', '2023-10-04 01:26:01', '2023-10-04 01:26:01'),
(7, 'Lớp 5', '2023-10-04 01:26:06', '2023-10-04 01:26:06'),
(8, 'Lớp 6', '2023-10-04 01:26:10', '2023-10-04 01:26:10'),
(10, 'Lớp 7', '2023-10-04 01:26:37', '2023-10-04 01:26:37'),
(11, 'Lớp 8', '2023-10-04 01:26:41', '2023-10-04 01:26:41'),
(12, 'Lớp 9', '2023-10-04 01:26:44', '2023-10-04 01:26:44'),
(13, 'Lớp 10', '2023-10-04 01:26:48', '2023-10-04 01:26:48'),
(14, 'Lớp 11', '2023-10-04 01:26:51', '2023-10-04 01:26:51'),
(15, 'Lớp 12', '2023-10-04 01:27:07', '2023-10-04 01:27:07');

-- --------------------------------------------------------

--
-- Cấu trúc bảng cho bảng `country`
--

CREATE TABLE `country` (
  `id` bigint(20) UNSIGNED NOT NULL,
  `name` varchar(255) NOT NULL,
  `created_at` timestamp NULL DEFAULT NULL,
  `updated_at` timestamp NULL DEFAULT NULL
) ENGINE=InnoDB DEFAULT CHARSET=utf8mb4 COLLATE=utf8mb4_unicode_ci;

--
-- Đang đổ dữ liệu cho bảng `country`
--

INSERT INTO `country` (`id`, `name`, `created_at`, `updated_at`) VALUES
(1, 'Hà Nội', '2023-09-20 11:33:34', '2023-09-20 11:33:34'),
(2, 'An Giang', '2023-09-20 22:52:28', '2023-09-20 22:52:28'),
(3, 'Bà Rịa – Vũng Tàu', '2023-09-20 22:52:38', '2023-09-20 22:52:38'),
(4, 'Bắc Giang', '2023-09-20 22:52:50', '2023-09-20 22:52:50'),
(5, 'Bắc Kạn', '2023-09-20 22:52:59', '2023-09-20 22:52:59'),
(6, 'Bạc Liêu', '2023-09-20 22:53:18', '2023-09-20 22:53:18'),
(7, 'Bắc Ninh', '2023-09-20 22:53:25', '2023-09-20 22:53:25'),
(8, 'Bến Tre', '2023-09-20 22:53:35', '2023-09-20 22:53:35'),
(9, 'Bình Định', '2023-09-20 22:53:41', '2023-09-20 22:53:41'),
(10, 'Bình Dương', '2023-09-20 22:53:53', '2023-09-20 22:53:53'),
(11, 'Bình Phước', '2023-09-20 22:54:00', '2023-09-20 22:54:00'),
(12, 'Bình Thuận', '2023-09-20 22:54:06', '2023-09-20 22:54:06'),
(13, 'Cà Mau', '2023-09-20 22:54:12', '2023-09-20 22:54:12'),
(14, 'Cần Thơ', '2023-09-20 22:54:17', '2023-09-20 22:54:17'),
(15, 'Cao Bằng', '2023-09-20 22:54:21', '2023-09-20 22:54:21'),
(16, 'Đà Nẵng', '2023-09-20 22:54:26', '2023-09-20 22:54:26'),
(17, 'Đắk Lắk', '2023-09-20 22:54:32', '2023-09-20 22:54:32'),
(18, 'Đắk Nông', '2023-09-20 22:54:38', '2023-09-20 22:54:38'),
(19, 'Điện Biên', '2023-09-20 22:54:43', '2023-09-20 22:54:43'),
(20, 'Đồng Nai', '2023-09-20 22:54:48', '2023-09-20 22:54:48'),
(21, 'Đồng Tháp', '2023-09-20 22:54:54', '2023-09-20 22:54:54'),
(22, 'Gia Lai', '2023-09-20 22:54:59', '2023-09-20 22:54:59'),
(23, 'Hà Giang', '2023-09-20 22:55:04', '2023-09-20 22:55:04'),
(24, 'Hà Nam', '2023-09-20 22:55:09', '2023-09-20 22:55:09'),
(26, 'Hà Tĩnh', '2023-09-20 22:55:18', '2023-09-20 22:55:18'),
(27, 'Hải Dương', '2023-09-20 22:56:14', '2023-09-20 22:56:14'),
(28, 'Hải Phòng', '2023-09-20 22:56:20', '2023-09-20 22:56:20'),
(29, 'Hậu Giang', '2023-09-20 22:56:27', '2023-09-20 22:56:27'),
(30, 'Hòa Bình', '2023-09-20 22:56:31', '2023-09-20 22:56:31'),
(31, 'Hưng Yên', '2023-09-20 22:56:36', '2023-09-20 22:56:36'),
(32, 'Khánh Hòa', '2023-09-20 22:56:41', '2023-09-20 22:56:41'),
(33, 'Kiên Giang', '2023-09-20 22:56:46', '2023-09-20 22:56:46'),
(34, 'Kon Tum', '2023-09-20 22:56:52', '2023-09-20 22:56:52'),
(35, 'Lai Châu', '2023-09-20 22:56:57', '2023-09-20 22:56:57'),
(36, 'Lâm Đồng', '2023-09-20 22:57:01', '2023-09-20 22:57:01'),
(37, 'Lạng Sơn', '2023-09-20 22:57:07', '2023-09-20 22:57:07'),
(38, 'Lào Cai', '2023-09-20 22:57:12', '2023-09-20 22:57:12'),
(39, 'Long An', '2023-09-20 22:57:16', '2023-09-20 22:57:16'),
(40, 'Nam Định', '2023-09-20 22:57:21', '2023-09-20 22:57:21'),
(41, 'Nghệ An', '2023-09-20 22:57:26', '2023-09-20 22:57:26'),
(42, 'Ninh Bình', '2023-09-20 22:57:31', '2023-09-20 22:57:31'),
(43, 'Ninh Thuận', '2023-09-20 22:57:37', '2023-09-20 22:57:37'),
(44, 'Phú Thọ', '2023-09-20 22:57:42', '2023-09-20 22:57:42'),
(45, 'Phú Yên', '2023-09-20 22:57:49', '2023-09-20 22:57:49'),
(46, 'Quảng Bình', '2023-09-20 22:57:54', '2023-09-20 22:57:54'),
(47, 'Quảng Nam', '2023-09-20 22:57:59', '2023-09-20 22:57:59'),
(48, 'Quảng Ngãi', '2023-09-20 22:58:05', '2023-09-20 22:58:05'),
(49, 'Quảng Ninh', '2023-09-20 22:58:10', '2023-09-20 22:58:10'),
(50, 'Quảng Trị', '2023-09-20 22:58:14', '2023-09-20 22:58:14'),
(51, 'Sóc Trăng', '2023-09-20 22:58:19', '2023-09-20 22:58:19'),
(52, 'Sơn La', '2023-09-20 22:58:24', '2023-09-20 22:58:24'),
(53, 'Tây Ninh', '2023-09-20 22:58:28', '2023-09-20 22:58:28'),
(54, 'Thái Bình', '2023-09-20 22:58:32', '2023-09-20 22:58:32'),
(55, 'Thái Nguyên', '2023-09-20 22:58:37', '2023-09-20 22:58:37'),
(56, 'Thanh Hóa', '2023-09-20 22:58:42', '2023-09-20 22:58:42'),
(57, 'Thừa Thiên Huế', '2023-09-20 22:58:47', '2023-09-20 22:58:47'),
(58, 'Tiền Giang', '2023-09-20 22:58:52', '2023-09-20 22:58:52'),
(59, 'TP Hồ Chí Minh', '2023-09-20 22:58:58', '2023-09-20 22:58:58'),
(60, 'Trà Vinh', '2023-09-20 22:59:02', '2023-09-20 22:59:02'),
(61, 'Tuyên Quang', '2023-09-20 22:59:07', '2023-09-20 22:59:07'),
(62, 'Vĩnh Long', '2023-09-20 22:59:13', '2023-09-20 22:59:13'),
(63, 'Vĩnh Phúc', '2023-09-20 22:59:17', '2023-09-20 22:59:17'),
(64, 'Yên Bái', '2023-09-20 22:59:24', '2023-09-20 22:59:24');

-- --------------------------------------------------------

--
-- Cấu trúc bảng cho bảng `district`
--

CREATE TABLE `district` (
  `id` bigint(20) UNSIGNED NOT NULL,
  `name` varchar(255) NOT NULL,
  `id_country` int(11) NOT NULL,
  `created_at` timestamp NULL DEFAULT NULL,
  `updated_at` timestamp NULL DEFAULT NULL
) ENGINE=InnoDB DEFAULT CHARSET=utf8mb4 COLLATE=utf8mb4_unicode_ci;

--
-- Đang đổ dữ liệu cho bảng `district`
--

INSERT INTO `district` (`id`, `name`, `id_country`, `created_at`, `updated_at`) VALUES
(2, 'Quận Hoàng Mai', 1, '2023-09-20 22:51:08', '2023-09-20 22:51:08'),
(3, 'Quận Hoàn Kiếm', 1, '2023-09-20 23:01:13', '2023-09-20 23:01:13'),
(4, 'Quận Đống Đa', 1, '2023-09-20 23:01:20', '2023-09-20 23:01:20'),
(5, 'Quận Ba Đình', 1, '2023-09-20 23:01:26', '2023-09-20 23:01:26'),
(6, 'Quận Hai Bà Trưng\r\n', 1, '2023-09-20 23:01:41', '2023-09-20 23:01:41'),
(8, 'Quận Thanh Xuân', 1, '2023-09-20 23:02:20', '2023-09-20 23:02:20'),
(9, 'Quận Long Biên', 1, '2023-09-20 23:02:26', '2023-09-20 23:02:26'),
(10, 'Quận Nam Từ Liêm', 1, '2023-09-20 23:02:31', '2023-09-20 23:02:31'),
(11, 'Quận Bắc Từ Liêm', 1, '2023-09-20 23:02:38', '2023-09-20 23:02:38'),
(12, 'Quận Tây Hồ', 1, '2023-09-20 23:02:46', '2023-09-20 23:02:46'),
(13, 'Quận Cầu Giấy', 1, '2023-09-20 23:02:53', '2023-09-20 23:02:53'),
(14, 'Quận Hà Đông', 1, '2023-09-20 23:02:58', '2023-09-20 23:02:58'),
(15, 'Huyện Chợ Mới', 2, '2023-09-20 23:09:34', '2023-09-20 23:09:34'),
(18, 'Thành phố Long Xuyên', 2, '2023-09-20 23:11:00', '2023-09-20 23:11:00'),
(19, 'Huyện Châu Phú', 2, '2023-09-20 23:11:11', '2023-09-20 23:11:11'),
(21, 'Thị xã Tân Châu', 2, '2023-09-20 23:11:43', '2023-09-20 23:11:43'),
(23, 'Huyện Phú Tân', 2, '2023-09-20 23:12:24', '2023-09-20 23:12:24'),
(24, 'Huyện Thoại Sơn', 2, '2023-09-20 23:13:22', '2023-09-20 23:13:22'),
(25, 'Thành phố Châu Đốc', 2, '2023-09-20 23:13:32', '2023-09-20 23:13:32'),
(26, 'Huyện Châu Thành', 2, '2023-09-20 23:13:42', '2023-09-20 23:13:42'),
(27, 'Huyện An Phú', 2, '2023-09-20 23:13:50', '2023-09-20 23:13:50'),
(28, 'Thị xã Tịnh Biên', 2, '2023-09-20 23:13:59', '2023-09-20 23:13:59'),
(29, 'Huyện Tri Tôn', 2, '2023-09-20 23:14:10', '2023-09-20 23:14:10'),
(30, 'Thị xã Sơn Tây', 1, '2023-09-20 23:16:49', '2023-09-20 23:16:49'),
(31, 'Huyện Ba Vì', 1, '2023-09-20 23:17:12', '2023-09-20 23:17:12'),
(32, 'Huyện Chương Mỹ', 1, '2023-09-20 23:17:26', '2023-09-20 23:17:26'),
(33, 'Huyện Phúc Thọ', 1, '2023-09-20 23:17:36', '2023-09-20 23:17:36'),
(34, 'Huyện Đan Phượng', 1, '2023-09-20 23:17:46', '2023-09-20 23:17:46'),
(35, 'Huyện Đông Anh', 1, '2023-09-20 23:17:59', '2023-09-20 23:17:59'),
(36, 'Huyện Gia Lâm', 1, '2023-09-20 23:18:11', '2023-09-20 23:18:11'),
(37, 'Huyện Hoài Đức', 1, '2023-09-20 23:18:23', '2023-09-20 23:18:23'),
(38, 'Huyện Mê Linh', 1, '2023-09-20 23:18:35', '2023-09-20 23:18:35'),
(39, 'Huyện Mỹ Đức', 1, '2023-09-20 23:18:45', '2023-09-20 23:18:45'),
(40, 'Huyện Phú Xuyên', 1, '2023-09-20 23:18:56', '2023-09-20 23:18:56'),
(41, 'Huyện Quốc Oai', 1, '2023-09-20 23:19:07', '2023-09-20 23:19:07'),
(42, 'Huyện Sóc Sơn', 1, '2023-09-20 23:19:19', '2023-09-20 23:19:19'),
(43, 'Huyện Thạch Thất', 1, '2023-09-20 23:19:29', '2023-09-20 23:19:29'),
(44, 'Huyện Thanh Oai', 1, '2023-09-20 23:19:45', '2023-09-20 23:19:45'),
(45, 'Huyện Thường Tín', 1, '2023-09-20 23:19:56', '2023-09-20 23:19:56'),
(46, 'Huyện Ứng Hòa', 1, '2023-09-20 23:20:07', '2023-09-20 23:20:07'),
(47, 'Huyện Thanh Trì', 1, '2023-09-20 23:20:19', '2023-09-20 23:20:19'),
(48, 'Thành phố Bà Rịa', 3, '2023-09-20 23:22:36', '2023-09-20 23:22:36'),
(49, 'Thành phố Vũng Tàu', 3, '2023-09-20 23:22:48', '2023-09-20 23:22:48'),
(52, 'Thị xã Phú Mỹ', 3, '2023-09-20 23:24:42', '2023-09-20 23:24:42'),
(55, 'Huyện Châu Đức', 3, '2023-09-20 23:25:36', '2023-09-20 23:25:36'),
(56, 'Huyện Côn Đảo', 3, '2023-09-20 23:25:45', '2023-09-20 23:25:45'),
(59, 'Huyện Xuyên Mộc', 3, '2023-09-20 23:26:14', '2023-09-20 23:26:14'),
(60, 'Huyện Đất Đỏ', 3, '2023-09-20 23:26:41', '2023-09-20 23:26:41'),
(61, 'Huyện Long Điền', 3, '2023-09-20 23:26:53', '2023-09-20 23:26:53'),
(62, 'Thành phố Bắc Giang', 4, '2023-09-20 23:29:24', '2023-09-20 23:29:24'),
(63, 'Huyện Hiệp Hoà', 4, '2023-09-20 23:29:33', '2023-09-20 23:29:33'),
(64, 'Huyện Lạng Giang', 4, '2023-09-20 23:29:45', '2023-09-20 23:29:45'),
(65, 'Huyện Lục Nam', 4, '2023-09-20 23:29:53', '2023-09-20 23:29:53'),
(66, 'Huyện Lục Ngạn', 4, '2023-09-20 23:30:00', '2023-09-20 23:30:00'),
(67, 'Huyện Sơn Động', 4, '2023-09-20 23:30:11', '2023-09-20 23:30:11'),
(68, 'Huyện Tân Yên', 4, '2023-09-20 23:30:18', '2023-09-20 23:30:18'),
(69, 'Huyện Việt Yên', 4, '2023-09-20 23:30:26', '2023-09-20 23:30:26'),
(70, 'Huyện Yên Dũng', 4, '2023-09-20 23:30:33', '2023-09-20 23:30:33'),
(71, 'Huyện Yên Thế', 4, '2023-09-20 23:30:40', '2023-09-20 23:30:40'),
(72, 'Thành phố Bắc Kạn', 5, '2023-09-20 23:31:37', '2023-09-20 23:31:37'),
(73, 'Huyện Ba Bể', 5, '2023-09-20 23:31:47', '2023-09-20 23:31:47'),
(74, 'Huyện Bạch Thông', 5, '2023-09-20 23:31:56', '2023-09-20 23:31:56'),
(75, 'Huyện Chợ Đồn', 5, '2023-09-20 23:32:06', '2023-09-20 23:32:06'),
(76, 'Huyện Chợ Mới', 5, '2023-09-20 23:32:16', '2023-09-20 23:32:16'),
(77, 'Huyện Na Rì', 5, '2023-09-20 23:32:24', '2023-09-20 23:32:24'),
(78, 'Huyện Ngân Sơn', 5, '2023-09-20 23:32:33', '2023-09-20 23:32:33'),
(79, 'Huyện Pác Nặm', 5, '2023-09-20 23:32:43', '2023-09-20 23:32:43'),
(80, 'Thành phố Bạc Liêu', 6, '2023-09-20 23:35:02', '2023-09-20 23:35:02'),
(81, 'Huyện Đông Hải', 6, '2023-09-20 23:35:12', '2023-09-20 23:35:12'),
(82, 'Thị xã Giá Rai', 6, '2023-09-20 23:35:23', '2023-09-20 23:35:23'),
(83, 'Huyện Phước Long', 6, '2023-09-20 23:35:31', '2023-09-20 23:35:31'),
(84, 'Huyện Hoà Bình', 6, '2023-09-20 23:35:40', '2023-09-20 23:35:40'),
(85, 'Huyện Hồng Dân', 6, '2023-09-20 23:35:48', '2023-09-20 23:35:48'),
(86, 'Huyện Vĩnh Lợi', 6, '2023-09-20 23:35:55', '2023-09-20 23:35:55'),
(87, 'Thành phố Bắc Ninh', 7, '2023-09-20 23:36:53', '2023-09-20 23:36:53'),
(88, 'Thị xã Từ Sơn', 7, '2023-09-20 23:37:09', '2023-09-20 23:37:09'),
(89, 'Huyện Yên Phong', 7, '2023-09-20 23:37:39', '2023-09-20 23:37:39'),
(90, 'Huyện Quế Võ', 7, '2023-09-20 23:37:48', '2023-09-20 23:37:48'),
(91, 'Huyện Tiên Du', 7, '2023-09-20 23:37:58', '2023-09-20 23:37:58'),
(92, 'Huyện Thuận Thành', 7, '2023-09-20 23:38:06', '2023-09-20 23:38:06'),
(93, 'Huyện Gia Bình', 7, '2023-09-20 23:38:18', '2023-09-20 23:38:18'),
(94, 'Huyện Lương Tài', 7, '2023-09-20 23:38:31', '2023-09-20 23:38:31'),
(95, 'Huyện Ba Tri', 8, '2023-09-20 23:39:14', '2023-09-20 23:39:14'),
(96, 'Huyện Châu Thành', 8, '2023-09-20 23:39:22', '2023-09-20 23:39:22'),
(97, 'Huyện Giồng Trôm', 8, '2023-09-20 23:39:30', '2023-09-20 23:39:30'),
(98, 'Huyện Mỏ Cày Nam', 8, '2023-09-20 23:39:40', '2023-09-20 23:39:40'),
(99, 'Huyện Bình Đại', 8, '2023-09-20 23:39:58', '2023-09-20 23:39:58'),
(100, 'Huyện Thạnh Phú', 8, '2023-09-20 23:40:08', '2023-09-20 23:40:08'),
(101, 'Thành phố Bến Tre', 8, '2023-09-20 23:40:17', '2023-09-20 23:40:17'),
(102, 'Huyện Mỏ Cày Bắc', 8, '2023-09-20 23:40:25', '2023-09-20 23:40:25'),
(103, 'Huyện Chợ Lách', 8, '2023-09-20 23:40:32', '2023-09-20 23:40:32'),
(104, 'Thành phố Quy Nhơn', 9, '2023-09-20 23:41:27', '2023-09-20 23:41:27'),
(105, 'Thị xã An Nhơn', 9, '2023-09-20 23:41:42', '2023-09-20 23:41:42'),
(106, 'Huyện Tuy Phước', 9, '2023-09-20 23:42:03', '2023-09-20 23:42:03'),
(107, 'Huyện Phù Cát', 9, '2023-09-20 23:42:20', '2023-09-20 23:42:20'),
(108, 'Huyện Phù Mỹ', 9, '2023-09-20 23:42:33', '2023-09-20 23:42:33'),
(109, 'Huyện Hoài Nhơn', 9, '2023-09-20 23:42:46', '2023-09-20 23:42:46'),
(110, 'Huyện Hoài Ân', 9, '2023-09-20 23:42:56', '2023-09-20 23:42:56'),
(111, 'Huyện An Lão', 9, '2023-09-20 23:43:14', '2023-09-20 23:43:14'),
(112, 'Huyện Tây Sơn', 9, '2023-09-20 23:43:23', '2023-09-20 23:43:23'),
(113, 'Huyện Vân Canh', 9, '2023-09-20 23:43:35', '2023-09-20 23:43:35'),
(114, 'Huyện Vĩnh Thạnh', 9, '2023-09-20 23:43:45', '2023-09-20 23:43:45'),
(115, 'Thành phố Thủ Dầu Một', 10, '2023-09-20 23:46:02', '2023-09-20 23:46:02'),
(116, 'Huyện Bàu Bàng', 10, '2023-09-20 23:46:11', '2023-09-20 23:46:11'),
(117, 'Huyện Dầu Tiếng', 10, '2023-09-20 23:46:20', '2023-09-20 23:46:20'),
(118, 'Thị xã Bến Cát', 10, '2023-09-20 23:46:28', '2023-09-20 23:46:28'),
(119, 'Huyện Phú Giáo', 10, '2023-09-20 23:46:36', '2023-09-20 23:46:36'),
(120, 'Thành phố Tân Uyên', 10, '2023-09-20 23:46:43', '2023-09-20 23:46:43'),
(121, 'Thành phố Dĩ An', 10, '2023-09-20 23:46:57', '2023-09-20 23:46:57'),
(122, 'Thành phố Thuận An', 10, '2023-09-20 23:47:08', '2023-09-20 23:47:08'),
(123, 'Huyện Bắc Tân Uyên', 10, '2023-09-20 23:47:17', '2023-09-20 23:47:17'),
(124, 'Thị xã Đồng Xoài', 11, '2023-09-20 23:50:57', '2023-09-20 23:50:57'),
(125, 'Thị xã Bình Long', 11, '2023-09-20 23:51:17', '2023-09-20 23:51:17'),
(126, 'Thị xã Phước Long', 11, '2023-09-20 23:51:33', '2023-09-20 23:51:33'),
(127, 'Huyện Bù Đăng', 11, '2023-09-20 23:51:47', '2023-09-20 23:51:47'),
(128, 'Huyện Bù Đốp', 11, '2023-09-20 23:51:56', '2023-09-20 23:51:56'),
(129, 'Huyện Bù Gia Mập', 11, '2023-09-20 23:52:08', '2023-09-20 23:52:08'),
(130, 'Huyện Chơn Thành', 11, '2023-09-20 23:52:20', '2023-09-20 23:52:20'),
(131, 'Huyện Đồng Phú', 11, '2023-09-20 23:52:31', '2023-09-20 23:52:31'),
(132, 'Huyện Hớn Quản', 11, '2023-09-20 23:52:42', '2023-09-20 23:52:42'),
(133, 'Huyện Lộc Ninh', 11, '2023-09-20 23:52:53', '2023-09-20 23:52:53'),
(134, 'Thành phố Phan Thiết', 12, '2023-09-20 23:53:52', '2023-09-20 23:53:52'),
(135, 'Thị xã La Gi', 12, '2023-09-20 23:54:06', '2023-09-20 23:54:06'),
(137, 'Huyện Bắc Bình', 12, '2023-09-20 23:54:51', '2023-09-20 23:54:51'),
(138, 'Huyện Tuy Phong', 12, '2023-09-20 23:55:06', '2023-09-20 23:55:06'),
(139, 'Huyện Hàm Thuận Bắc', 12, '2023-09-20 23:55:17', '2023-09-20 23:55:17'),
(140, 'Huyện Hàm Thuận Nam', 12, '2023-09-20 23:55:29', '2023-09-20 23:55:29'),
(141, 'Huyện Hàm Tân', 12, '2023-09-20 23:55:41', '2023-09-20 23:55:41'),
(142, 'Huyện Tánh Linh', 12, '2023-09-20 23:55:52', '2023-09-20 23:55:52'),
(143, 'Huyện Đức Linh', 12, '2023-09-20 23:56:05', '2023-09-20 23:56:05'),
(144, 'Huyện Phú Quý', 12, '2023-09-20 23:56:18', '2023-09-20 23:56:18'),
(145, 'Thành phố Cà Mau', 13, '2023-09-20 23:57:22', '2023-09-20 23:57:22'),
(146, 'Huyện Cái Nước', 13, '2023-09-20 23:57:34', '2023-09-20 23:57:34'),
(147, 'Huyện Đầm Dơi', 13, '2023-09-20 23:57:43', '2023-09-20 23:57:43'),
(148, 'Huyện Năm Căn', 13, '2023-09-20 23:57:55', '2023-09-20 23:57:55'),
(149, 'Huyện Ngọc Hiển', 13, '2023-09-20 23:58:07', '2023-09-20 23:58:07'),
(150, 'Huyện Phú Tân', 13, '2023-09-20 23:58:18', '2023-09-20 23:58:18'),
(151, 'Huyện Thới Bình', 13, '2023-09-20 23:58:29', '2023-09-20 23:58:29'),
(152, 'Huyện Trần Văn Thời', 13, '2023-09-20 23:58:40', '2023-09-20 23:58:40'),
(153, 'Huyện U Minh', 13, '2023-09-20 23:58:53', '2023-09-20 23:58:53'),
(154, 'Quận Ninh Kiều', 14, '2023-09-20 23:59:33', '2023-09-20 23:59:33'),
(155, 'Quận Cái Răng', 14, '2023-09-20 23:59:40', '2023-09-20 23:59:40'),
(156, 'Quận Bình Thủy', 14, '2023-09-20 23:59:48', '2023-09-20 23:59:48'),
(157, 'Quận Ô Môn', 14, '2023-09-20 23:59:56', '2023-09-20 23:59:56'),
(158, 'Huyện Phong Điền', 14, '2023-09-21 00:00:10', '2023-09-21 00:00:10'),
(159, 'Huyện Thốt Nốt', 14, '2023-09-21 00:00:23', '2023-09-21 00:00:23'),
(160, 'Huyện Cờ Đỏ', 14, '2023-09-21 00:00:34', '2023-09-21 00:00:34'),
(161, 'Huyện Vĩnh Thạnh', 14, '2023-09-21 00:00:45', '2023-09-21 00:00:45'),
(162, 'Huyện Thới Lai', 14, '2023-09-21 00:01:03', '2023-09-21 00:01:03'),
(163, 'Thành phố Cao Bằng', 15, '2023-09-21 00:01:59', '2023-09-21 00:01:59'),
(164, 'Huyện Bảo Lâm', 15, '2023-09-21 00:02:07', '2023-09-21 00:02:07'),
(165, 'Huyện Bảo Lạc', 15, '2023-09-21 00:02:15', '2023-09-21 00:02:15'),
(166, 'Huyện Hà Quảng', 15, '2023-09-21 00:02:23', '2023-09-21 00:02:23'),
(167, 'Huyện Trùng Khánh', 15, '2023-09-21 00:02:35', '2023-09-21 00:02:35'),
(168, 'Huyện Hạ Lang', 15, '2023-09-21 00:02:42', '2023-09-21 00:02:42'),
(169, 'Huyện Quảng Hòa', 15, '2023-09-21 00:02:49', '2023-09-21 00:02:49'),
(170, 'Huyện Hoà An', 15, '2023-09-21 00:03:00', '2023-09-21 00:03:00'),
(171, 'Huyện Nguyên Bình', 15, '2023-09-21 00:03:08', '2023-09-21 00:03:08'),
(172, 'Huyện Thạch An', 15, '2023-09-21 00:03:16', '2023-09-21 00:03:16'),
(173, 'Quận Hải Châu', 16, '2023-09-21 00:04:05', '2023-09-21 00:04:05'),
(174, 'Quận Cẩm Lệ', 16, '2023-09-21 00:04:13', '2023-09-21 00:04:13'),
(175, 'Quận Thanh Khê', 16, '2023-09-21 00:04:24', '2023-09-21 00:04:24'),
(176, 'Quận Liên Chiểu', 16, '2023-09-21 00:04:31', '2023-09-21 00:04:31'),
(177, 'Quận Ngũ Hành Sơn', 16, '2023-09-21 00:04:41', '2023-09-21 00:04:41'),
(178, 'Quận Sơn Trà', 16, '2023-09-21 00:04:50', '2023-09-21 00:04:50'),
(179, 'Huyện Hòa Vang', 16, '2023-09-21 00:04:59', '2023-09-21 00:04:59'),
(180, 'Huyện Hoàng Sa', 16, '2023-09-21 00:05:13', '2023-09-21 00:05:13'),
(181, 'Thành phố Buôn Ma Thuột', 17, '2023-09-21 00:06:05', '2023-09-21 00:06:05'),
(182, 'Huyện Buôn Đôn', 17, '2023-09-21 00:06:20', '2023-09-21 00:06:20'),
(183, 'Huyện Cư M\'gar', 17, '2023-09-21 00:06:29', '2023-09-21 00:06:29'),
(184, 'Huyện Ea H\'leo', 17, '2023-09-21 00:06:40', '2023-09-21 00:06:40'),
(185, 'Huyện Ea Kar', 17, '2023-09-21 00:06:52', '2023-09-21 00:06:52'),
(186, 'Huyện Ea Súp', 17, '2023-09-21 00:07:03', '2023-09-21 00:07:03'),
(187, 'Huyện Krông Ana', 17, '2023-09-21 00:07:12', '2023-09-21 00:07:12'),
(188, 'Huyện Krông Bông', 17, '2023-09-21 00:07:22', '2023-09-21 00:07:22'),
(189, 'Huyện Krông Búk', 17, '2023-09-21 00:07:30', '2023-09-21 00:07:30'),
(190, 'Huyện Krông Năng', 17, '2023-09-21 00:07:41', '2023-09-21 00:07:41'),
(191, 'Huyện Krông Pắc', 17, '2023-09-21 00:07:53', '2023-09-21 00:07:53'),
(192, 'Huyện Lắk', 17, '2023-09-21 00:08:02', '2023-09-21 00:08:02'),
(193, 'Huyện M\'Drắk', 17, '2023-09-21 00:08:14', '2023-09-21 00:08:14'),
(195, 'Thành phố Gia Nghĩa', 18, '2023-09-21 00:10:39', '2023-09-21 00:10:39'),
(196, 'Huyện Cư Jút', 18, '2023-09-21 00:11:14', '2023-09-21 00:11:14'),
(197, 'Huyện Đắk Glong', 18, '2023-09-21 00:11:50', '2023-09-21 00:11:50'),
(198, 'Huyện Đắk Mil', 18, '2023-09-21 00:11:59', '2023-09-21 00:11:59'),
(200, 'Huyện Đắk Song', 18, '2023-09-21 00:12:14', '2023-09-21 00:12:14'),
(201, 'Huyện Krông Nô', 18, '2023-09-21 00:12:21', '2023-09-21 00:12:21'),
(202, 'Huyện Tuy Đức', 18, '2023-09-21 00:12:30', '2023-09-21 00:12:30'),
(203, 'Huyện Đắk Rlấp', 18, '2023-09-21 00:13:01', '2023-09-21 00:13:01'),
(204, 'Thành phố Điện Biên Phủ', 19, '2023-09-21 05:00:45', '2023-09-21 05:00:45'),
(205, 'Huyện Điện Biên', 19, '2023-09-21 05:01:00', '2023-09-21 05:01:00'),
(206, 'Huyện Điện Biên Đông', 19, '2023-09-21 05:01:09', '2023-09-21 05:01:09'),
(207, 'Huyện Nậm Pồ', 19, '2023-09-21 05:01:19', '2023-09-21 05:01:19'),
(208, 'Huyện Mường Nhé', 19, '2023-09-21 05:01:32', '2023-09-21 05:01:32'),
(209, 'Huyện Mường Ẳng', 19, '2023-09-21 05:01:41', '2023-09-21 05:01:41'),
(210, 'Huyện Tuần Giáo', 19, '2023-09-21 05:01:49', '2023-09-21 05:01:49'),
(211, 'Thị xã Mường Lay', 19, '2023-09-21 05:01:57', '2023-09-21 05:01:57'),
(212, 'Huyện Tủa Chùa', 19, '2023-09-21 05:02:11', '2023-09-21 05:02:11'),
(213, 'Huyện Mường Chà', 19, '2023-09-21 05:02:20', '2023-09-21 05:02:20'),
(214, 'Thành phố Biên Hòa', 20, '2023-09-21 05:03:37', '2023-09-21 05:03:37'),
(215, 'Thành phố Long Khánh', 20, '2023-09-21 05:03:46', '2023-09-21 05:03:46'),
(216, 'Huyện Cẩm Mỹ', 20, '2023-09-21 05:03:59', '2023-09-21 05:03:59'),
(217, 'Huyện Định Quán', 20, '2023-09-21 05:04:07', '2023-09-21 05:04:07'),
(218, 'Huyện Long Thành', 20, '2023-09-21 05:04:14', '2023-09-21 05:04:14'),
(219, 'Huyện Nhơn Trạch', 20, '2023-09-21 05:04:24', '2023-09-21 05:04:24'),
(220, 'Huyện Tân Phú', 20, '2023-09-21 05:04:33', '2023-09-21 05:04:33'),
(221, 'Huyện Thống Nhất', 20, '2023-09-21 05:04:39', '2023-09-21 05:04:39'),
(222, 'Huyện Trảng Bom', 20, '2023-09-21 05:04:47', '2023-09-21 05:04:47'),
(223, 'Huyện Vĩnh Cửu', 20, '2023-09-21 05:04:55', '2023-09-21 05:04:55'),
(224, 'Huyện Xuân Lộc', 20, '2023-09-21 05:05:01', '2023-09-21 05:05:01'),
(225, 'Thành phố Cao Lãnh', 21, '2023-09-21 05:05:51', '2023-09-21 05:05:51'),
(226, 'Thành phố Sa Đéc', 21, '2023-09-21 05:06:20', '2023-09-21 05:06:20'),
(227, 'Thị xã Hồng Ngự', 21, '2023-09-21 05:06:42', '2023-09-21 05:06:42'),
(228, 'Huyện Cao Lãnh', 21, '2023-09-21 05:07:16', '2023-09-21 05:07:16'),
(229, 'Huyện Châu Thành', 21, '2023-09-21 05:07:41', '2023-09-21 05:07:41'),
(230, 'Huyện Hồng Ngự', 21, '2023-09-21 05:08:06', '2023-09-21 05:08:06'),
(231, 'Huyện Lai Vung', 21, '2023-09-21 05:08:20', '2023-09-21 05:08:20'),
(232, 'Huyện Lấp Vò', 21, '2023-09-21 05:08:33', '2023-09-21 05:08:33'),
(233, 'Huyện Tam Nông', 21, '2023-09-21 05:09:03', '2023-09-21 05:09:03'),
(234, 'Huyện Tân Hồng', 21, '2023-09-21 05:09:19', '2023-09-21 05:09:19'),
(235, 'Huyện Thanh Bình', 21, '2023-09-21 05:09:32', '2023-09-21 05:09:32'),
(236, 'Huyện Tháp Mười', 21, '2023-09-21 05:09:42', '2023-09-21 05:09:42'),
(237, 'Thành phố Pleiku', 22, '2023-09-21 05:11:02', '2023-09-21 05:11:02'),
(238, 'Thị xã An Khê', 22, '2023-09-21 05:11:15', '2023-09-21 05:11:15'),
(239, 'Thị xã Ayun Pa', 22, '2023-09-21 05:11:47', '2023-09-21 05:11:47'),
(240, 'Huyện Chư Păh', 22, '2023-09-21 05:12:22', '2023-09-21 05:12:22'),
(241, 'Huyện Chư Prông', 22, '2023-09-21 05:12:33', '2023-09-21 05:12:33'),
(242, 'Huyện Chư Sê', 22, '2023-09-21 05:12:46', '2023-09-21 05:12:46'),
(243, 'Huyện Đăk Đoa', 22, '2023-09-21 05:13:06', '2023-09-21 05:13:06'),
(244, 'Huyện Đăk Pơ', 22, '2023-09-21 05:13:17', '2023-09-21 05:13:17'),
(245, 'Huyện Đức Cơ', 22, '2023-09-21 05:13:45', '2023-09-21 05:13:45'),
(246, 'Huyện Ia Grai', 22, '2023-09-21 05:14:02', '2023-09-21 05:14:02'),
(247, 'Huyện Ia Pa', 22, '2023-09-21 05:14:15', '2023-09-21 05:14:15'),
(248, 'Huyện Kbang', 22, '2023-09-21 05:14:26', '2023-09-21 05:14:26'),
(249, 'Huyện Kông Chro', 22, '2023-09-21 05:14:43', '2023-09-21 05:14:43'),
(250, 'Huyện Krông Pa', 22, '2023-09-21 05:14:54', '2023-09-21 05:14:54'),
(251, 'Huyện Mang Yang', 22, '2023-09-21 05:15:05', '2023-09-21 05:15:05'),
(252, 'Huyện Phú Thiện', 22, '2023-09-21 05:15:18', '2023-09-21 05:15:18'),
(253, 'Huyện Chư Pưh', 22, '2023-09-21 05:15:30', '2023-09-21 05:15:30'),
(254, 'Thành phố Hà Giàng', 23, '2023-09-21 05:17:22', '2023-09-21 05:17:22'),
(255, 'Huyện Bắc Mê', 23, '2023-09-21 05:18:01', '2023-09-21 05:18:01'),
(256, 'Huyện Bắc Quang', 23, '2023-09-21 05:18:16', '2023-09-21 05:18:16'),
(257, 'Huyện Đồng Văn', 23, '2023-09-21 05:18:30', '2023-09-21 05:18:30'),
(258, 'Huyện Hoàng Su Phì', 23, '2023-09-21 05:18:51', '2023-09-21 05:18:51'),
(259, 'Huyện Mèo Vạc', 23, '2023-09-21 05:19:06', '2023-09-21 05:19:06'),
(260, 'Huyện Quản Bạ', 23, '2023-09-21 05:19:19', '2023-09-21 05:19:19'),
(261, 'Huyện Quang Bình', 23, '2023-09-21 05:19:35', '2023-09-21 05:19:35'),
(262, 'Huyện Vị Xuyên', 23, '2023-09-21 05:19:45', '2023-09-21 05:19:45'),
(263, 'Huyện Xí Mần', 23, '2023-09-21 05:19:59', '2023-09-21 05:19:59'),
(264, 'Huyện Yên Minh', 23, '2023-09-21 05:20:10', '2023-09-21 05:20:10'),
(265, 'Thành phố Phủ Lý', 24, '2023-09-21 05:20:53', '2023-09-21 05:20:53'),
(266, 'Huyện Thanh Liêm', 24, '2023-09-21 05:21:22', '2023-09-21 05:21:22'),
(267, 'Huyện Bình Lục', 24, '2023-09-21 05:21:43', '2023-09-21 05:21:43'),
(268, 'Thị xã Duy Tiên', 24, '2023-09-21 05:21:58', '2023-09-21 05:21:58'),
(269, 'Huyện Lý Nhân', 24, '2023-09-21 05:22:13', '2023-09-21 05:22:13'),
(270, 'Huyện Kim Bảng', 24, '2023-09-21 05:23:02', '2023-09-21 05:23:02'),
(271, 'Thành phố Hà Tĩnh', 26, '2023-09-21 05:23:43', '2023-09-21 05:23:43'),
(272, 'Thị xã là Hồng Lĩnh', 26, '2023-09-21 05:23:59', '2023-09-21 05:23:59'),
(273, 'Thị xã Kỳ Anh', 26, '2023-09-21 05:24:16', '2023-09-21 05:24:16'),
(274, 'Huyện Can Lộc', 26, '2023-09-21 05:24:59', '2023-09-21 05:24:59'),
(275, 'Huyện Cẩm Xuyên', 26, '2023-09-21 05:25:12', '2023-09-21 05:25:12'),
(276, 'Huyện Đức Thọ', 26, '2023-09-21 05:25:28', '2023-09-21 05:25:28'),
(277, 'Huyện Hương Khê', 26, '2023-09-21 05:25:41', '2023-09-21 05:25:41'),
(278, 'Huyện Hương Sơn', 26, '2023-09-21 05:25:55', '2023-09-21 05:25:55'),
(279, 'Huyện Lộc Hà', 26, '2023-09-21 05:26:08', '2023-09-21 05:26:08'),
(280, 'Huyện Kỳ Anh', 26, '2023-09-21 05:26:25', '2023-09-21 05:26:25'),
(281, 'Huyện Nghi Xuân', 26, '2023-09-21 05:26:36', '2023-09-21 05:26:36'),
(282, 'Huyện Vũ Quang', 26, '2023-09-21 05:26:48', '2023-09-21 05:26:48'),
(283, 'Huyện Thạch Hà', 26, '2023-09-21 05:27:06', '2023-09-21 05:27:06'),
(285, 'Huyện Bình Giang', 27, '2023-09-21 05:29:02', '2023-09-21 05:29:02'),
(286, 'Huyện Cẩm Giàng', 27, '2023-09-21 05:29:22', '2023-09-21 05:29:22'),
(287, 'Huyện Gia Lộc', 27, '2023-09-21 05:29:38', '2023-09-21 05:29:38'),
(288, 'Huyện Kim Thành', 27, '2023-09-21 05:29:52', '2023-09-21 05:29:52'),
(289, 'Huyện Kinh Môn', 27, '2023-09-21 05:30:05', '2023-09-21 05:30:05'),
(290, 'Huyện Nam Sách', 27, '2023-09-21 05:30:18', '2023-09-21 05:30:18'),
(291, 'Huyện Ninh Giang', 27, '2023-09-21 05:30:30', '2023-09-21 05:30:30'),
(292, 'Huyện Thanh Hà', 27, '2023-09-21 05:30:47', '2023-09-21 05:30:47'),
(293, 'Huyện Thanh Miện', 27, '2023-09-21 05:30:59', '2023-09-21 05:30:59'),
(294, 'Huyện Tứ Kỳ', 27, '2023-09-21 05:31:11', '2023-09-21 05:31:11'),
(295, 'Thị xã Chí Linh', 27, '2023-09-21 05:32:23', '2023-09-21 05:32:23'),
(296, 'Thành phố Hải Dương', 27, '2023-09-21 05:32:43', '2023-09-21 05:32:43'),
(297, 'Quận Đồ Sơn', 28, '2023-09-21 05:34:09', '2023-09-21 05:34:09'),
(298, 'Quận Dương Kinh', 28, '2023-09-21 05:34:20', '2023-09-21 05:34:20'),
(299, 'Quận Hải An', 28, '2023-09-21 05:34:30', '2023-09-21 05:34:30'),
(300, 'Quận Hồng Bàng', 28, '2023-09-21 05:34:40', '2023-09-21 05:34:40'),
(301, 'Quận Kiến An', 28, '2023-09-21 05:34:54', '2023-09-21 05:34:54'),
(302, 'Quận Lê Chân', 28, '2023-09-21 05:35:04', '2023-09-21 05:35:04'),
(303, 'Quận Ngô Quyền', 28, '2023-09-21 05:35:17', '2023-09-21 05:35:17'),
(304, 'Huyện An Dương', 28, '2023-09-21 05:35:34', '2023-09-21 05:35:34'),
(305, 'Huyện An Lão', 28, '2023-09-21 05:35:48', '2023-09-21 05:35:48'),
(306, 'Huyện Bạch Long Vĩ', 28, '2023-09-21 05:36:02', '2023-09-21 05:36:02'),
(307, 'Huyện Cát Hải', 28, '2023-09-21 05:36:14', '2023-09-21 05:36:14'),
(308, 'Huyện Kiến Thuỵ', 28, '2023-09-21 05:36:34', '2023-09-21 05:36:34'),
(309, 'Huyện Thủy Nguyên', 28, '2023-09-21 05:36:52', '2023-09-21 05:36:52'),
(310, 'Huyện Tiên Lãng', 28, '2023-09-21 05:37:04', '2023-09-21 05:37:04'),
(311, 'Huyện Vĩnh Bảo', 28, '2023-09-21 05:37:27', '2023-09-21 05:37:27'),
(312, 'Huyện Phụng Hiệp', 29, '2023-09-21 05:40:23', '2023-09-21 05:40:23'),
(313, 'Huyện Châu Thành A', 29, '2023-09-21 05:40:33', '2023-09-21 05:40:33'),
(314, 'Huyện Vị Thuỷ', 29, '2023-09-21 05:40:49', '2023-09-21 05:40:49'),
(315, 'Huyện Châu Thành', 29, '2023-09-21 05:41:00', '2023-09-21 05:41:00'),
(316, 'Thành phố Vị Thanh', 29, '2023-09-21 05:41:10', '2023-09-21 05:41:10'),
(317, 'Thị xã Long Mỹ', 29, '2023-09-21 05:41:17', '2023-09-21 05:41:17'),
(318, 'Huyện Long Mỹ', 29, '2023-09-21 05:41:29', '2023-09-21 05:41:29'),
(319, 'Thành phố Ngã Bảy', 29, '2023-09-21 05:41:39', '2023-09-21 05:41:39'),
(320, 'Thành phố Hòa Bình', 30, '2023-09-21 05:43:30', '2023-09-21 05:43:30'),
(321, 'Huyện Cao Phong', 30, '2023-09-21 05:43:45', '2023-09-21 05:43:45'),
(322, 'Huyện Đà Bắc', 30, '2023-09-21 05:43:57', '2023-09-21 05:43:57'),
(323, 'Huyện Kim Bôi', 30, '2023-09-21 05:44:06', '2023-09-21 05:44:06'),
(324, 'Huyện Lạc Sơn', 30, '2023-09-21 05:44:38', '2023-09-21 05:44:38'),
(325, 'Huyện Lạc Thủy', 30, '2023-09-21 05:44:54', '2023-09-21 05:44:54'),
(326, 'Huyện Lương Sơn', 30, '2023-09-21 05:45:14', '2023-09-21 05:45:14'),
(327, 'Huyện Mai Châu', 30, '2023-09-21 05:45:24', '2023-09-21 05:45:24'),
(328, 'Huyện Tân Lạc', 30, '2023-09-21 05:45:32', '2023-09-21 05:45:32'),
(329, 'Huyện Yên Thủy', 30, '2023-09-21 05:45:41', '2023-09-21 05:45:41'),
(330, 'Thành phố Hưng Yên', 31, '2023-09-21 05:47:33', '2023-09-21 05:47:33'),
(331, 'Thị xã Mỹ Hào', 31, '2023-09-21 05:47:43', '2023-09-21 05:47:43'),
(332, 'Huyện Ân Thi', 31, '2023-09-21 05:48:05', '2023-09-21 05:48:05'),
(333, 'Huyện Khoái Châu', 31, '2023-09-21 05:48:15', '2023-09-21 05:48:15'),
(334, 'Huyện Kim Động', 31, '2023-09-21 05:48:24', '2023-09-21 05:48:24'),
(335, 'Huyện Phù Cừ', 31, '2023-09-21 05:48:35', '2023-09-21 05:48:35'),
(336, 'Huyện Tiên Lữ', 31, '2023-09-21 05:48:46', '2023-09-21 05:48:46'),
(337, 'Huyện Văn Giang', 31, '2023-09-21 05:49:16', '2023-09-21 05:49:16'),
(338, 'Huyện Văn Lâm', 31, '2023-09-21 05:49:28', '2023-09-21 05:49:28'),
(339, 'Huyện Yên Mỹ', 31, '2023-09-21 05:49:38', '2023-09-21 05:49:38'),
(340, 'Thành phố Cam Ranh', 32, '2023-09-21 05:51:33', '2023-09-21 05:51:33'),
(341, 'Thành phố Nha Trang', 32, '2023-09-21 05:51:48', '2023-09-21 05:51:48'),
(342, 'Thị xã Ninh Hòa', 32, '2023-09-21 05:52:03', '2023-09-21 05:52:03'),
(343, 'Huyện Cam Lâm', 32, '2023-09-21 05:52:28', '2023-09-21 05:52:28'),
(344, 'Huyện đảo Trường Sa', 32, '2023-09-21 05:52:49', '2023-09-21 05:52:49'),
(345, 'Huyện Diên Khánh', 32, '2023-09-21 05:53:01', '2023-09-21 05:53:01'),
(346, 'Huyện Khánh Sơn', 32, '2023-09-21 05:53:12', '2023-09-21 05:53:12'),
(347, 'Huyện Khánh Vĩnh', 32, '2023-09-21 05:53:25', '2023-09-21 05:53:25'),
(348, 'Huyện Vạn Ninh', 32, '2023-09-21 05:53:36', '2023-09-21 05:53:36'),
(349, 'Thành phố Rạch Giá', 33, '2023-09-21 05:55:41', '2023-09-21 05:55:41'),
(350, 'Huyện Giồng Riềng', 33, '2023-09-21 05:55:49', '2023-09-21 05:55:49'),
(351, 'Huyện Châu Thành', 33, '2023-09-21 05:56:04', '2023-09-21 05:56:04'),
(352, 'Huyện Hòn Đất', 33, '2023-09-21 05:56:16', '2023-09-21 05:56:16'),
(353, 'Thành phố Phú Quốc', 33, '2023-09-21 05:56:28', '2023-09-21 05:56:28'),
(354, 'Huyện Gò Guao', 33, '2023-09-21 05:56:37', '2023-09-21 05:56:37'),
(355, 'Huyện Tân Hiệp', 33, '2023-09-21 05:56:46', '2023-09-21 05:56:46'),
(356, 'Huyện An Minh', 33, '2023-09-21 05:56:56', '2023-09-21 05:56:56'),
(357, 'Huyện An Biên', 33, '2023-09-21 05:57:05', '2023-09-21 05:57:05'),
(358, 'Huyện Vĩnh Thuận', 33, '2023-09-21 05:57:20', '2023-09-21 05:57:20'),
(359, 'Huyện Kiên Lương', 33, '2023-09-21 05:57:42', '2023-09-21 05:57:42'),
(360, 'Huyện U Minh Thượng', 33, '2023-09-21 05:57:56', '2023-09-21 05:57:56'),
(361, 'Thành phố Hà Tiên', 33, '2023-09-21 05:58:07', '2023-09-21 05:58:07'),
(362, 'Huyện Giang Thành', 33, '2023-09-21 05:58:27', '2023-09-21 05:58:27'),
(363, 'Huyện Kiên Hải', 33, '2023-09-21 05:58:45', '2023-09-21 05:58:45'),
(366, 'Huyện Ia H\' Drai', 34, '2023-09-21 06:03:25', '2023-09-21 06:03:25'),
(367, 'Huyện Kon Plông', 34, '2023-09-21 06:03:38', '2023-09-21 06:03:38'),
(368, 'Huyện Kon Rẫy', 34, '2023-09-21 06:03:51', '2023-09-21 06:03:51'),
(369, 'Huyện Ngọc Hồi', 34, '2023-09-21 06:04:07', '2023-09-21 06:04:07'),
(370, 'Huyện Sa Thầy', 34, '2023-09-21 06:04:24', '2023-09-21 06:04:24'),
(371, 'Huyện Tu Mơ Rông', 34, '2023-09-21 06:04:37', '2023-09-21 06:04:37'),
(372, 'Huyện Đắk Glei', 34, '2023-09-21 06:04:48', '2023-09-21 06:04:48'),
(373, 'Huyện Đắk Hà', 34, '2023-09-21 06:05:03', '2023-09-21 06:05:03'),
(374, 'Huyện Đắk Tô', 34, '2023-09-21 06:05:16', '2023-09-21 06:05:16'),
(375, 'Thành phố Kon Tum', 34, '2023-09-21 06:05:40', '2023-09-21 06:05:40'),
(376, 'Thành phố Lai Châu', 35, '2023-09-21 06:13:16', '2023-09-21 06:13:16'),
(377, 'Huyện Tam Đường', 35, '2023-09-21 06:13:28', '2023-09-21 06:13:28'),
(378, 'Huyện Mường Tè', 35, '2023-09-21 06:13:39', '2023-09-21 06:13:39'),
(379, 'Huyện Sìn Hồ', 35, '2023-09-21 06:13:48', '2023-09-21 06:13:48'),
(380, 'Huyện Phong Thổ', 35, '2023-09-21 06:13:59', '2023-09-21 06:13:59'),
(381, 'Huyện Than Uyên', 35, '2023-09-21 06:14:12', '2023-09-21 06:14:12'),
(382, 'Huyện Nậm Nhùn', 35, '2023-09-21 06:14:27', '2023-09-21 06:14:27'),
(383, 'Huyện Tân Uyên', 35, '2023-09-21 06:15:58', '2023-09-21 06:15:58'),
(384, 'Thành phố Đà Lạt', 36, '2023-09-21 06:25:46', '2023-09-21 06:25:46'),
(385, 'Thành phố Bảo Lộc', 36, '2023-09-21 06:27:09', '2023-09-21 06:27:09'),
(386, 'Huyện Bảo Lâm', 36, '2023-09-21 06:27:24', '2023-09-21 06:27:24'),
(387, 'Huyện Cát Tiên', 36, '2023-09-21 06:27:45', '2023-09-21 06:27:45'),
(388, 'Huyện Di Linh', 36, '2023-09-21 06:29:41', '2023-09-21 06:29:41'),
(390, 'Huyện Lâm Hà', 36, '2023-09-21 06:32:20', '2023-09-21 06:32:20'),
(391, 'Huyện Lạc Dương', 36, '2023-09-21 06:32:40', '2023-09-21 06:32:40'),
(392, 'Huyện Đam Rông', 36, '2023-09-21 06:32:53', '2023-09-21 06:32:53'),
(393, 'Huyện Đơn Dương', 36, '2023-09-21 06:33:04', '2023-09-21 06:33:04'),
(394, 'Huyện Đạ Huoai', 36, '2023-09-21 06:33:18', '2023-09-21 06:33:18'),
(395, 'Huyện Đạ Tẻh', 36, '2023-09-21 06:33:29', '2023-09-21 06:33:29'),
(396, 'Huyện Đức Trọng', 36, '2023-09-21 06:33:41', '2023-09-21 06:33:41'),
(397, 'Thành phố Lạng Sơn', 37, '2023-09-21 06:34:58', '2023-09-21 06:34:58'),
(398, 'Huyện Bắc Sơn', 37, '2023-09-21 06:35:07', '2023-09-21 06:35:07'),
(399, 'Huyện Bình Gia', 37, '2023-09-21 06:35:39', '2023-09-21 06:35:39'),
(401, 'Huyện Cao Lộc', 37, '2023-09-21 06:36:26', '2023-09-21 06:36:26'),
(402, 'Huyện Chi Lăng', 37, '2023-09-21 06:36:40', '2023-09-21 06:36:40'),
(403, 'Huyện Đình Lập', 37, '2023-09-21 06:36:57', '2023-09-21 06:36:57'),
(404, 'Huyện Hữu Lũng', 37, '2023-09-21 06:37:09', '2023-09-21 06:37:09'),
(405, 'Huyện Lộc Bình', 37, '2023-09-21 06:37:17', '2023-09-21 06:37:17'),
(406, 'Huyện Tràng Định', 37, '2023-09-21 06:37:28', '2023-09-21 06:37:28'),
(407, 'Huyện Văn Lãng', 37, '2023-09-21 06:37:39', '2023-09-21 06:37:39'),
(408, 'Huyện Văn Quan', 37, '2023-09-21 06:37:47', '2023-09-21 06:37:47'),
(409, 'Thành phố Lào Cai', 38, '2023-09-21 06:39:15', '2023-09-21 06:39:15'),
(410, 'Huyện Bảo Thắng', 38, '2023-09-21 06:39:26', '2023-09-21 06:39:26'),
(411, 'Huyện Bảo Yên', 38, '2023-09-21 06:39:38', '2023-09-21 06:39:38'),
(412, 'Huyện Văn Bàn', 38, '2023-09-21 06:39:45', '2023-09-21 06:39:45'),
(413, 'Huyện Sa Pa', 38, '2023-09-21 06:39:56', '2023-09-21 06:39:56'),
(414, 'Huyện Bát Xát', 38, '2023-09-21 06:40:09', '2023-09-21 06:40:09'),
(415, 'Huyện Mường Khương', 38, '2023-09-21 06:40:22', '2023-09-21 06:40:22'),
(416, 'Huyện Bắc Hà', 38, '2023-09-21 06:40:38', '2023-09-21 06:40:38'),
(417, 'Huyện Si Ma Cai', 38, '2023-09-21 06:40:45', '2023-09-21 06:40:45'),
(418, 'Thành phố Tân An', 39, '2023-09-21 06:46:40', '2023-09-21 06:46:40'),
(419, 'Thị xã Kiến Tường', 39, '2023-09-21 06:46:48', '2023-09-21 06:46:48'),
(420, 'Huyện Bến Lức', 39, '2023-09-21 06:46:58', '2023-09-21 06:46:58'),
(421, 'Huyện Cần Đước', 39, '2023-09-21 06:47:08', '2023-09-21 06:47:08'),
(422, 'Huyện Cần Giuộc', 39, '2023-09-21 06:47:21', '2023-09-21 06:47:21'),
(423, 'Huyện Châu Thành', 39, '2023-09-21 06:47:39', '2023-09-21 06:47:39'),
(424, 'Huyện Đức Hòa', 39, '2023-09-21 06:47:51', '2023-09-21 06:47:51'),
(425, 'Huyện Đức Huệ', 39, '2023-09-21 06:48:00', '2023-09-21 06:48:00'),
(426, 'Huyện Mộc Hóa', 39, '2023-09-21 06:48:09', '2023-09-21 06:48:09'),
(427, 'Huyện Tân Hưng', 39, '2023-09-21 06:48:21', '2023-09-21 06:48:21'),
(428, 'Huyện Tân Thạnh', 39, '2023-09-21 06:48:32', '2023-09-21 06:48:32'),
(429, 'Huyện Tân Trụ', 39, '2023-09-21 06:48:42', '2023-09-21 06:48:42'),
(430, 'Huyện Thạnh Hóa', 39, '2023-09-21 06:48:51', '2023-09-21 06:48:51'),
(431, 'Huyện Thủ Thừa', 39, '2023-09-21 06:48:58', '2023-09-21 06:48:58'),
(432, 'Huyện Vĩnh Hưng', 39, '2023-09-21 06:49:09', '2023-09-21 06:49:09'),
(433, 'Thành phố Nam Định', 40, '2023-09-21 06:51:13', '2023-09-21 06:51:13'),
(434, 'Huyện Giao Thủy', 40, '2023-09-21 06:51:25', '2023-09-21 06:51:25'),
(435, 'Huyện Hải Hậu', 40, '2023-09-21 06:51:35', '2023-09-21 06:51:35'),
(436, 'Huyện Mỹ Lộc', 40, '2023-09-21 06:51:50', '2023-09-21 06:51:50'),
(437, 'Huyện Nam Trực', 40, '2023-09-21 06:52:04', '2023-09-21 06:52:04'),
(438, 'Huyện Nghĩa Hưng', 40, '2023-09-21 06:52:15', '2023-09-21 06:52:15'),
(439, 'Huyện Trực Ninh', 40, '2023-09-21 06:52:29', '2023-09-21 06:52:29'),
(440, 'Huyện Vụ Bản', 40, '2023-09-21 06:52:43', '2023-09-21 06:52:43'),
(441, 'Huyện Xuân Trường', 40, '2023-09-21 06:52:54', '2023-09-21 06:52:54'),
(442, 'Huyện Ý Yên', 40, '2023-09-21 06:53:02', '2023-09-21 06:53:02'),
(443, 'Thành phố Vinh', 41, '2023-09-21 06:55:25', '2023-09-21 06:55:25'),
(444, 'Huyện Anh Sơn', 41, '2023-09-21 06:55:39', '2023-09-21 06:55:39'),
(445, 'Huyện Con Cuông', 41, '2023-09-21 06:56:09', '2023-09-21 06:56:09'),
(446, 'Huyện Diễn Châu', 41, '2023-09-21 06:56:25', '2023-09-21 06:56:25'),
(447, 'Huyện Hưng Nguyên', 41, '2023-09-21 06:56:51', '2023-09-21 06:56:51'),
(448, 'Huyện Kỳ Sơn', 41, '2023-09-21 06:57:10', '2023-09-21 06:57:10'),
(449, 'Huyện Nam Đàn', 41, '2023-09-21 07:07:13', '2023-09-21 07:07:13'),
(450, 'Huyện Nghi Lộc', 41, '2023-09-21 07:07:24', '2023-09-21 07:07:24'),
(451, 'Huyện Nghĩa Đàn', 41, '2023-09-21 07:07:41', '2023-09-21 07:07:41'),
(452, 'Huyện Quế Phong', 41, '2023-09-21 07:07:57', '2023-09-21 07:07:57'),
(453, 'Huyện Quỳ Châu', 41, '2023-09-21 07:08:10', '2023-09-21 07:08:10'),
(454, 'Huyện Quỳ Hợp', 41, '2023-09-21 07:08:21', '2023-09-21 07:08:21'),
(455, 'Huyện Quỳnh Lưu', 41, '2023-09-21 07:08:35', '2023-09-21 07:08:35'),
(456, 'Huyện Thanh Chương', 41, '2023-09-21 07:09:00', '2023-09-21 07:09:00'),
(457, 'Huyện Tân Kỳ', 41, '2023-09-21 07:09:15', '2023-09-21 07:09:15'),
(458, 'Huyện Tương Dương', 41, '2023-09-21 07:09:26', '2023-09-21 07:09:26'),
(459, 'Huyện Yên Thành', 41, '2023-09-21 07:09:42', '2023-09-21 07:09:42'),
(460, 'Huyện Đô Lương', 41, '2023-09-21 07:10:04', '2023-09-21 07:10:04'),
(461, 'Thị xã Cửa Lò', 41, '2023-09-21 07:10:22', '2023-09-21 07:10:22'),
(462, 'Thị xã Hoàng Mai', 41, '2023-09-21 07:10:35', '2023-09-21 07:10:35'),
(463, 'Thị xã Thái Hoà', 41, '2023-09-21 07:10:48', '2023-09-21 07:10:48'),
(464, 'Thành phố Ninh Bình', 42, '2023-09-21 07:15:06', '2023-09-21 07:15:06'),
(465, 'Thành phố Tam Điệp', 42, '2023-09-21 07:15:18', '2023-09-21 07:15:18'),
(466, 'Huyện Gia Viễn', 42, '2023-09-21 07:15:27', '2023-09-21 07:15:27'),
(467, 'Huyện Hoa Lư', 42, '2023-09-21 07:15:39', '2023-09-21 07:15:39'),
(468, 'Huyện Kim Sơn', 42, '2023-09-21 07:15:50', '2023-09-21 07:15:50'),
(469, 'Huyện Nho Quan', 42, '2023-09-21 07:15:59', '2023-09-21 07:15:59'),
(470, 'Huyện Yên Khánh', 42, '2023-09-21 07:16:06', '2023-09-21 07:16:06'),
(471, 'Huyện Yên Mô', 42, '2023-09-21 07:16:15', '2023-09-21 07:16:15'),
(472, 'Thành phố Phan Rang - Tháp Chàm', 43, '2023-09-21 07:16:44', '2023-09-21 07:16:44'),
(473, 'Huyện Bác Ái', 43, '2023-09-21 07:16:58', '2023-09-21 07:16:58'),
(474, 'Huyện Ninh Hải', 43, '2023-09-21 07:19:32', '2023-09-21 07:19:32'),
(475, 'Huyện Ninh Phước', 43, '2023-09-21 07:19:55', '2023-09-21 07:19:55'),
(476, 'Huyện Ninh Sơn', 43, '2023-09-21 07:20:04', '2023-09-21 07:20:04'),
(477, 'Huyện Thuận Bắc', 43, '2023-09-21 07:20:12', '2023-09-21 07:20:12'),
(478, 'Huyện Thuận Nam', 43, '2023-09-21 07:20:22', '2023-09-21 07:20:22'),
(479, 'Thành phố Việt Trì', 44, '2023-09-21 07:24:18', '2023-09-21 07:24:18'),
(480, 'Thị xã Phú Thọ', 44, '2023-09-21 07:24:27', '2023-09-21 07:24:27'),
(481, 'Huyện Cẩm Khê', 44, '2023-09-21 07:24:36', '2023-09-21 07:24:36'),
(482, 'Huyện Đoan Hùng', 44, '2023-09-21 07:24:47', '2023-09-21 07:24:47'),
(483, 'Huyện Hạ Hòa', 44, '2023-09-21 07:24:56', '2023-09-21 07:24:56'),
(484, 'Huyện Lâm Thao', 44, '2023-09-21 07:25:07', '2023-09-21 07:25:07'),
(485, 'Huyện Phù Ninh', 44, '2023-09-21 07:25:15', '2023-09-21 07:25:15'),
(486, 'Huyện Tam Nông', 44, '2023-09-21 07:25:25', '2023-09-21 07:25:25'),
(487, 'Huyện Tân Sơn', 44, '2023-09-21 07:25:39', '2023-09-21 07:25:39'),
(488, 'Huyện Thanh Ba', 44, '2023-09-21 07:25:50', '2023-09-21 07:25:50'),
(489, 'Huyện Thanh Sơn', 44, '2023-09-21 07:26:01', '2023-09-21 07:26:01'),
(490, 'Huyện Thanh Thủy', 44, '2023-09-21 07:26:10', '2023-09-21 07:26:10'),
(491, 'Huyện Yên Lập', 44, '2023-09-21 07:26:17', '2023-09-21 07:26:17'),
(492, 'Thành phố Tuy Hòa', 45, '2023-09-21 07:27:07', '2023-09-21 07:27:07'),
(493, 'Thị xã Đông Hòa', 45, '2023-09-21 07:27:15', '2023-09-21 07:27:15'),
(494, 'Thị xã Sông Cầu', 45, '2023-09-21 07:27:25', '2023-09-21 07:27:25'),
(495, 'Huyện Đồng Xuân', 45, '2023-09-21 07:27:33', '2023-09-21 07:27:33'),
(496, 'Huyện Phú Hòa', 45, '2023-09-21 07:27:39', '2023-09-21 07:27:39'),
(497, 'Huyện Sơn Hòa', 45, '2023-09-21 07:27:47', '2023-09-21 07:27:47'),
(498, 'Huyện Sông Hinh', 45, '2023-09-21 07:27:54', '2023-09-21 07:27:54'),
(499, 'Huyện Tây Hòa', 45, '2023-09-21 07:28:03', '2023-09-21 07:28:03'),
(500, 'Huyện Tuy An', 45, '2023-09-21 07:28:09', '2023-09-21 07:28:09'),
(501, 'Thành phố Đồng Hới', 46, '2023-09-21 07:29:03', '2023-09-21 07:29:03'),
(502, 'Thị xã Ba Đồn', 46, '2023-09-21 07:29:17', '2023-09-21 07:29:17'),
(503, 'Huyện Bố Trạch', 46, '2023-09-21 07:29:28', '2023-09-21 07:29:28'),
(504, 'Huyện Lệ Thủy', 46, '2023-09-21 07:29:35', '2023-09-21 07:29:35'),
(505, 'Huyện Minh Hóa', 46, '2023-09-21 07:29:43', '2023-09-21 07:29:43'),
(506, 'Huyện Quảng Ninh', 46, '2023-09-21 07:29:50', '2023-09-21 07:29:50'),
(507, 'Huyện Quảng Trạch', 46, '2023-09-21 07:30:01', '2023-09-21 07:30:01'),
(508, 'Huyện Tuyên Hóa', 46, '2023-09-21 07:30:09', '2023-09-21 07:30:09'),
(509, 'Thành phố Hội An', 47, '2023-09-21 07:30:33', '2023-09-21 07:30:33'),
(510, 'Thành phố Tam Kỳ', 47, '2023-09-21 07:30:40', '2023-09-21 07:30:40'),
(511, 'Thị xã Điện Bàn', 47, '2023-09-21 07:30:50', '2023-09-21 07:30:50'),
(512, 'Huyện Bắc Trà My', 47, '2023-09-21 07:30:59', '2023-09-21 07:30:59'),
(513, 'Huyện Đại Lộc', 47, '2023-09-21 07:31:07', '2023-09-21 07:31:07'),
(514, 'Huyện Đông Giang', 47, '2023-09-21 07:31:15', '2023-09-21 07:31:15'),
(515, 'Huyện Duy Xuyên', 47, '2023-09-21 07:31:21', '2023-09-21 07:31:21'),
(516, 'Huyện Hiệp Đức', 47, '2023-09-21 07:31:30', '2023-09-21 07:31:30'),
(517, 'Huyện Nam Giang', 47, '2023-09-21 07:31:37', '2023-09-21 07:31:37'),
(518, 'Huyện Nam Trà My', 47, '2023-09-21 07:31:47', '2023-09-21 07:31:47'),
(519, 'Huyện Nông Sơn', 47, '2023-09-21 07:31:54', '2023-09-21 07:31:54'),
(520, 'Huyện Núi Thành', 47, '2023-09-21 07:32:07', '2023-09-21 07:32:07'),
(521, 'Huyện Phú Ninh', 47, '2023-09-21 07:32:13', '2023-09-21 07:32:13'),
(522, 'Huyện Phước Sơn', 47, '2023-09-21 07:32:25', '2023-09-21 07:32:25'),
(523, 'Huyện Quế Sơn', 47, '2023-09-21 07:32:33', '2023-09-21 07:32:33'),
(524, 'Huyện Tây Giang', 47, '2023-09-21 07:32:46', '2023-09-21 07:32:46'),
(525, 'Huyện Thăng Bình', 47, '2023-09-21 07:32:52', '2023-09-21 07:32:52'),
(526, 'Huyện Tiên Phước', 47, '2023-09-21 07:33:00', '2023-09-21 07:33:00'),
(527, 'Thành phố Quảng Ngãi', 48, '2023-09-21 07:33:39', '2023-09-21 07:33:39'),
(528, 'Thị xã Đức Phổ', 48, '2023-09-21 07:33:48', '2023-09-21 07:33:48'),
(529, 'Huyện Ba Tơ', 48, '2023-09-21 07:33:55', '2023-09-21 07:33:55'),
(530, 'Huyện Bình Sơn', 48, '2023-09-21 07:34:04', '2023-09-21 07:34:04'),
(531, 'Huyện Lý Sơn', 48, '2023-09-21 07:34:11', '2023-09-21 07:34:11'),
(532, 'Huyện Minh Long', 48, '2023-09-21 07:34:19', '2023-09-21 07:34:19'),
(533, 'Huyện Mộ Đức', 48, '2023-09-21 07:34:27', '2023-09-21 07:34:27'),
(534, 'Huyện Nghĩa Hành', 48, '2023-09-21 07:34:35', '2023-09-21 07:34:35'),
(535, 'Huyện Sơn Hà', 48, '2023-09-21 07:34:43', '2023-09-21 07:34:43'),
(536, 'Huyện Sơn Tây', 48, '2023-09-21 07:34:57', '2023-09-21 07:34:57'),
(537, 'Huyện Sơn Tịnh', 48, '2023-09-21 07:35:06', '2023-09-21 07:35:06'),
(538, 'Huyện Trà Bồng', 48, '2023-09-21 07:35:17', '2023-09-21 07:35:17'),
(539, 'Huyện Tư Nghĩa', 48, '2023-09-21 07:35:26', '2023-09-21 07:35:26'),
(540, 'Thành phố Cẩm Phả', 49, '2023-09-21 07:35:51', '2023-09-21 07:35:51'),
(541, 'Thành phố Hạ Long', 49, '2023-09-21 07:36:46', '2023-09-21 07:36:46'),
(542, 'Thành phố Móng Cái', 49, '2023-09-21 07:37:06', '2023-09-21 07:37:06'),
(543, 'Thành phố Uông Bí', 49, '2023-09-21 07:37:16', '2023-09-21 07:37:16'),
(544, 'Thị xã Đông Triều', 49, '2023-09-21 07:37:25', '2023-09-21 07:37:25'),
(545, 'Thị xã Quảng Yên', 49, '2023-09-21 07:37:32', '2023-09-21 07:37:32'),
(546, 'Huyện Ba Chẽ', 49, '2023-09-21 07:37:43', '2023-09-21 07:37:43'),
(547, 'Huyện Bình Liêu', 49, '2023-09-21 07:37:50', '2023-09-21 07:37:50'),
(548, 'Huyện Cô Tô', 49, '2023-09-21 07:37:58', '2023-09-21 07:37:58'),
(549, 'Huyện Đầm Hà', 49, '2023-09-21 07:38:10', '2023-09-21 07:38:10'),
(550, 'Huyện Hải Hà', 49, '2023-09-21 07:38:19', '2023-09-21 07:38:19'),
(551, 'Huyện Tiên Yên', 49, '2023-09-21 07:38:31', '2023-09-21 07:38:31'),
(552, 'Huyện Vân Đồn', 49, '2023-09-21 07:38:41', '2023-09-21 07:38:41'),
(553, 'Thành phố Đông Hà', 50, '2023-09-21 07:40:22', '2023-09-21 07:40:22'),
(554, 'Thị xã Quảng Trị', 50, '2023-09-21 07:42:49', '2023-09-21 07:42:49'),
(555, 'Huyện Cam Lộ', 50, '2023-09-21 07:43:33', '2023-09-21 07:43:33'),
(556, 'Huyện Cồn Cỏ', 50, '2023-09-21 07:43:48', '2023-09-21 07:43:48'),
(557, 'Huyện Đa Krông', 50, '2023-09-21 07:43:58', '2023-09-21 07:43:58'),
(558, 'Huyện Gio Linh', 50, '2023-09-21 07:45:43', '2023-09-21 07:45:43'),
(559, 'Huyện Hải Lăng', 50, '2023-09-21 07:45:55', '2023-09-21 07:45:55'),
(560, 'Huyện Hướng Hóa', 50, '2023-09-21 07:46:05', '2023-09-21 07:46:05'),
(561, '/Huyện Triệu Phong', 50, '2023-09-21 09:16:42', '2023-09-21 09:16:42'),
(562, 'Huyện Vĩnh Linh', 50, '2023-09-21 09:17:33', '2023-09-21 09:17:33'),
(563, 'Thành phố Sóc Trăng', 51, '2023-09-21 09:19:29', '2023-09-21 09:19:29'),
(564, 'Thị xã Ngã Năm', 51, '2023-09-21 09:19:42', '2023-09-21 09:19:42'),
(565, 'Thị xã Vĩnh Châu', 51, '2023-09-21 09:19:51', '2023-09-21 09:19:51'),
(566, 'Huyện Châu Thành', 51, '2023-09-21 09:20:00', '2023-09-21 09:20:00'),
(567, 'Huyện Cù Lao Dung', 51, '2023-09-21 09:20:06', '2023-09-21 09:20:06'),
(568, 'Huyện Kế Sách', 51, '2023-09-21 09:20:12', '2023-09-21 09:20:12'),
(569, 'Huyện Long Phú', 51, '2023-09-21 09:20:27', '2023-09-21 09:20:27'),
(570, 'Huyện Mỹ Tú', 51, '2023-09-21 09:20:38', '2023-09-21 09:20:38'),
(571, 'Huyện Mỹ Xuyên', 51, '2023-09-21 09:20:49', '2023-09-21 09:20:49'),
(572, 'Huyện Thạnh Trị', 51, '2023-09-21 09:20:56', '2023-09-21 09:20:56'),
(573, 'Huyện Trần Đề', 51, '2023-09-21 09:21:04', '2023-09-21 09:21:04'),
(574, 'Thành phố Sơn La', 52, '2023-09-21 09:22:18', '2023-09-21 09:22:18'),
(576, 'Huyện Bắc Yên', 52, '2023-09-21 09:22:45', '2023-09-21 09:22:45'),
(577, 'Huyện Mai Sơn', 52, '2023-09-21 09:22:59', '2023-09-21 09:22:59'),
(578, 'Huyện Mộc Châu', 52, '2023-09-21 09:23:07', '2023-09-21 09:23:07'),
(579, 'Huyện Mường La', 52, '2023-09-21 09:23:27', '2023-09-21 09:23:27'),
(580, 'Huyện Phù Yên', 52, '2023-09-21 09:23:41', '2023-09-21 09:23:41'),
(581, 'Huyện Quỳnh Nhai', 52, '2023-09-21 09:23:47', '2023-09-21 09:23:47'),
(582, 'Huyện Sông Mã', 52, '2023-09-21 09:23:56', '2023-09-21 09:23:56'),
(583, 'Huyện Sốp Cộp', 52, '2023-09-21 09:24:03', '2023-09-21 09:24:03'),
(584, 'Huyện Thuận Châu', 52, '2023-09-21 09:24:11', '2023-09-21 09:24:11'),
(585, 'Huyện Vân Hồ', 52, '2023-09-21 09:24:21', '2023-09-21 09:24:21'),
(586, 'Huyện Yên Châu', 52, '2023-09-21 09:24:30', '2023-09-21 09:24:30'),
(587, 'Thành phố Tây Ninh', 53, '2023-09-21 09:26:30', '2023-09-21 09:26:30'),
(588, 'Thị xã Hòa Thành', 53, '2023-09-21 09:26:41', '2023-09-21 09:26:41'),
(589, 'Thị xã Trảng Bàng', 53, '2023-09-21 09:26:49', '2023-09-21 09:26:49'),
(590, 'Huyện Bến Cầu', 53, '2023-09-21 09:26:57', '2023-09-21 09:26:57'),
(591, 'Huyện Châu Thành', 53, '2023-09-21 09:27:12', '2023-09-21 09:27:12'),
(592, 'Huyện Dương Minh Châu', 53, '2023-09-21 09:27:23', '2023-09-21 09:27:23'),
(593, 'Huyện Gò Dầu', 53, '2023-09-21 09:27:29', '2023-09-21 09:27:29'),
(594, 'Huyện Tân Biên', 53, '2023-09-21 09:27:34', '2023-09-21 09:27:34'),
(595, 'Huyện Tân Châu', 53, '2023-09-21 09:27:40', '2023-09-21 09:27:40'),
(596, 'Thành phố Thái Bình', 54, '2023-09-21 09:28:08', '2023-09-21 09:28:08'),
(597, 'Huyện Đông Hưng', 54, '2023-09-21 09:28:15', '2023-09-21 09:28:15'),
(598, 'Huyện Hưng Hà', 54, '2023-09-21 09:28:24', '2023-09-21 09:28:24'),
(599, 'Huyện Kiến Xương', 54, '2023-09-21 09:28:30', '2023-09-21 09:28:30'),
(600, 'Huyện Quỳnh Phụ', 54, '2023-09-21 09:28:36', '2023-09-21 09:28:36'),
(601, 'Huyện Thái Thụy', 54, '2023-09-21 09:28:43', '2023-09-21 09:28:43'),
(602, 'Huyện Tiền Hải', 54, '2023-09-21 09:28:49', '2023-09-21 09:28:49'),
(603, 'Huyện Vũ Thư', 54, '2023-09-21 09:28:55', '2023-09-21 09:28:55'),
(604, 'Thành phố Sông Công', 55, '2023-09-21 09:29:23', '2023-09-21 09:29:23'),
(605, 'Thành phố Thái Nguyên', 55, '2023-09-21 09:29:31', '2023-09-21 09:29:31'),
(606, 'Thị xã Phổ Yên', 55, '2023-09-21 09:29:37', '2023-09-21 09:29:37'),
(607, 'Huyện Đại Từ', 55, '2023-09-21 09:29:43', '2023-09-21 09:29:43'),
(608, 'Huyện Định Hóa', 55, '2023-09-21 09:29:54', '2023-09-21 09:29:54'),
(609, 'Huyện Đồng Hỷ', 55, '2023-09-21 09:30:00', '2023-09-21 09:30:00'),
(610, 'Huyện Phú Bình', 55, '2023-09-21 09:30:06', '2023-09-21 09:30:06'),
(611, 'Huyện Phú Lương', 55, '2023-09-21 09:30:12', '2023-09-21 09:30:12'),
(612, 'Huyện Võ Nhai', 55, '2023-09-21 09:30:18', '2023-09-21 09:30:18'),
(613, 'Thành phố Sầm Sơn', 56, '2023-09-21 09:31:01', '2023-09-21 09:31:01'),
(614, 'Thành phố Thanh Hóa', 56, '2023-09-21 09:31:07', '2023-09-21 09:31:07'),
(615, 'Thị xã Bỉm Sơn', 56, '2023-09-21 09:31:14', '2023-09-21 09:31:14'),
(616, 'Thị xã Nghi Sơn', 56, '2023-09-21 09:31:20', '2023-09-21 09:31:20'),
(617, 'Huyện Bá Thước', 56, '2023-09-21 09:31:25', '2023-09-21 09:31:25'),
(618, 'Huyện Cẩm Thủy', 56, '2023-09-21 09:31:32', '2023-09-21 09:31:32'),
(619, 'Huyện Đông Sơn', 56, '2023-09-21 09:31:38', '2023-09-21 09:31:38'),
(620, 'Huyện Hà Trung', 56, '2023-09-21 09:31:44', '2023-09-21 09:31:44'),
(621, 'Huyện Hậu Lộc', 56, '2023-09-21 09:31:50', '2023-09-21 09:31:50'),
(622, 'Huyện Hoằng Hóa', 56, '2023-09-21 09:31:55', '2023-09-21 09:31:55'),
(623, 'Huyện Lang Chánh', 56, '2023-09-21 09:32:00', '2023-09-21 09:32:00'),
(624, 'Huyện Mường Lát', 56, '2023-09-21 09:32:07', '2023-09-21 09:32:07'),
(625, 'Huyện Nga Sơn', 56, '2023-09-21 09:32:13', '2023-09-21 09:32:13'),
(626, 'Huyện Ngọc Lặc', 56, '2023-09-21 09:32:18', '2023-09-21 09:32:18'),
(627, 'Huyện Như Thanh', 56, '2023-09-21 09:32:25', '2023-09-21 09:32:25'),
(628, 'Huyện Như Xuân', 56, '2023-09-21 09:32:32', '2023-09-21 09:32:32'),
(629, 'Huyện Nông Cống', 56, '2023-09-21 09:32:38', '2023-09-21 09:32:38'),
(630, 'Huyện Quan Hóa', 56, '2023-09-21 09:32:43', '2023-09-21 09:32:43'),
(631, 'Huyện Quan Sơn', 56, '2023-09-21 09:32:49', '2023-09-21 09:32:49'),
(632, 'Huyện Quảng Xương', 56, '2023-09-21 09:32:56', '2023-09-21 09:32:56'),
(633, 'Huyện Thạch Thành', 56, '2023-09-21 09:33:01', '2023-09-21 09:33:01'),
(634, 'Huyện Thiệu Hóa', 56, '2023-09-21 09:33:07', '2023-09-21 09:33:07'),
(635, 'Huyện Thọ Xuân', 56, '2023-09-21 09:33:14', '2023-09-21 09:33:14'),
(636, 'Huyện Thường Xuân', 56, '2023-09-21 09:33:22', '2023-09-21 09:33:22'),
(637, 'Huyện Triệu Sơn', 56, '2023-09-21 09:33:33', '2023-09-21 09:33:33'),
(638, 'Huyện Vĩnh Lộc', 56, '2023-09-21 09:33:42', '2023-09-21 09:33:42'),
(639, 'Huyện Yên Định', 56, '2023-09-21 09:33:48', '2023-09-21 09:33:48'),
(640, 'Thành phố Huế', 57, '2023-09-21 09:34:54', '2023-09-21 09:34:54'),
(641, 'Thị xã Hương Thủy', 57, '2023-09-21 09:35:00', '2023-09-21 09:35:00'),
(642, 'Thị xã Hương Trà', 57, '2023-09-21 09:35:05', '2023-09-21 09:35:05'),
(643, 'Huyện A Lưới', 57, '2023-09-21 09:35:13', '2023-09-21 09:35:13'),
(644, 'Huyện Nam Đông', 57, '2023-09-21 09:35:18', '2023-09-21 09:35:18'),
(645, 'Huyện Phong Điền', 57, '2023-09-21 09:35:23', '2023-09-21 09:35:23'),
(646, 'Huyện Phú Lộc', 57, '2023-09-21 09:35:29', '2023-09-21 09:35:29'),
(647, 'Huyện Phú Vang', 57, '2023-09-21 09:35:35', '2023-09-21 09:35:35'),
(648, 'Huyện Quảng Điền', 57, '2023-09-21 09:35:42', '2023-09-21 09:35:42'),
(649, 'Thành phố Mỹ Tho', 58, '2023-09-21 09:36:09', '2023-09-21 09:36:09'),
(650, 'Thị xã Cai Lậy', 58, '2023-09-21 09:36:16', '2023-09-21 09:36:16'),
(651, 'Thị xã Gò Công', 58, '2023-09-21 09:36:22', '2023-09-21 09:36:22'),
(652, 'Huyện Cái Bè', 58, '2023-09-21 09:36:30', '2023-09-21 09:36:30'),
(653, 'Huyện Cai Lậy', 58, '2023-09-21 09:36:36', '2023-09-21 09:36:36'),
(654, 'Huyện Châu Thành', 58, '2023-09-21 09:36:43', '2023-09-21 09:36:43'),
(655, 'Huyện Chợ Gạo', 58, '2023-09-21 09:36:48', '2023-09-21 09:36:48'),
(656, 'Huyện Gò Công Đông', 58, '2023-09-21 09:36:53', '2023-09-21 09:36:53'),
(657, 'Huyện Gò Công Tây', 58, '2023-09-21 09:36:58', '2023-09-21 09:36:58'),
(658, 'Huyện Tân Phú Đông', 58, '2023-09-21 09:37:04', '2023-09-21 09:37:04'),
(659, 'Huyện Tân Phước', 58, '2023-09-21 09:37:10', '2023-09-21 09:37:10'),
(660, 'Quận 1', 59, '2023-09-21 09:37:34', '2023-09-21 09:37:34'),
(661, 'Quận 2', 59, '2023-09-21 09:37:41', '2023-09-21 09:37:41'),
(662, 'Quận 3', 59, '2023-09-21 09:37:49', '2023-09-21 09:37:49'),
(663, 'Quận 4', 59, '2023-09-21 09:37:54', '2023-09-21 09:37:54'),
(664, 'Quận 5', 59, '2023-09-21 09:38:00', '2023-09-21 09:38:00'),
(665, 'Quận 6', 59, '2023-09-21 09:38:06', '2023-09-21 09:38:06'),
(666, 'Quận 7', 59, '2023-09-21 09:38:12', '2023-09-21 09:38:12'),
(667, 'Quận 8', 59, '2023-09-21 09:38:18', '2023-09-21 09:38:18'),
(668, 'Quận 9', 59, '2023-09-21 09:38:24', '2023-09-21 09:38:24'),
(669, 'Quận 10', 59, '2023-09-21 09:38:32', '2023-09-21 09:38:32'),
(670, 'Quận 11', 59, '2023-09-21 09:38:38', '2023-09-21 09:38:38'),
(671, 'Quận 12', 59, '2023-09-21 09:38:44', '2023-09-21 09:38:44'),
(672, 'Quận Bình Tân', 59, '2023-09-21 09:38:49', '2023-09-21 09:38:49'),
(673, 'Quận Bình Thạnh', 59, '2023-09-21 09:38:56', '2023-09-21 09:38:56'),
(674, 'Quận Gò Vấp', 59, '2023-09-21 09:39:03', '2023-09-21 09:39:03'),
(675, 'Quận Phú Nhuận', 59, '2023-09-21 09:39:12', '2023-09-21 09:39:12'),
(676, 'Quận Tân Bình', 59, '2023-09-21 09:39:20', '2023-09-21 09:39:20'),
(677, 'Quận Tân Phú', 59, '2023-09-21 09:39:28', '2023-09-21 09:39:28'),
(678, 'Quận Thủ Đức', 59, '2023-09-21 09:39:33', '2023-09-21 09:39:33'),
(679, 'Huyện Bình Chánh', 59, '2023-09-21 09:39:43', '2023-09-21 09:39:43'),
(680, 'Huyện Cần Giờ', 59, '2023-09-21 09:39:48', '2023-09-21 09:39:48'),
(681, 'Huyện Củ Chi', 59, '2023-09-21 09:39:54', '2023-09-21 09:39:54'),
(682, 'Huyện Hóc Môn', 59, '2023-09-21 09:39:59', '2023-09-21 09:39:59'),
(683, 'Huyện Nhà Bè', 59, '2023-09-21 09:40:05', '2023-09-21 09:40:05'),
(684, 'Thành phố Trà Vinh', 60, '2023-09-21 09:41:55', '2023-09-21 09:41:55'),
(685, 'Thị xã Duyên Hải', 60, '2023-09-21 09:42:02', '2023-09-21 09:42:02'),
(686, 'Huyện Càng Long', 60, '2023-09-21 09:42:09', '2023-09-21 09:42:09'),
(687, 'Huyện Cầu Kè', 60, '2023-09-21 09:42:15', '2023-09-21 09:42:15'),
(688, 'Huyện Cầu Ngang', 60, '2023-09-21 09:42:22', '2023-09-21 09:42:22'),
(689, 'Huyện Châu Thành', 60, '2023-09-21 09:42:28', '2023-09-21 09:42:28'),
(690, 'Huyện Duyên Hải', 60, '2023-09-21 09:42:34', '2023-09-21 09:42:34'),
(691, 'Huyện Tiểu Cần', 60, '2023-09-21 09:42:39', '2023-09-21 09:42:39'),
(692, 'Huyện Trà Cú', 60, '2023-09-21 09:42:45', '2023-09-21 09:42:45'),
(693, 'Thành phố Tuyên Quang', 61, '2023-09-21 09:42:59', '2023-09-21 09:42:59'),
(694, 'Huyện Chiêm Hóa', 61, '2023-09-21 09:43:06', '2023-09-21 09:43:06'),
(695, 'Huyện Hàm Yên', 61, '2023-09-21 09:43:11', '2023-09-21 09:43:11'),
(696, 'Huyện Lâm Bình', 61, '2023-09-21 09:43:16', '2023-09-21 09:43:16'),
(697, 'Huyện Na Hang', 61, '2023-09-21 09:43:22', '2023-09-21 09:43:22'),
(698, 'Huyện Sơn Dương', 61, '2023-09-21 09:43:28', '2023-09-21 09:43:28'),
(699, 'Huyện Yên Sơn', 61, '2023-09-21 09:43:34', '2023-09-21 09:43:34'),
(700, 'Thành phố Vĩnh Long', 62, '2023-09-21 09:44:18', '2023-09-21 09:44:18'),
(701, 'Thị xã Bình Minh', 62, '2023-09-21 09:44:26', '2023-09-21 09:44:26'),
(702, 'Huyện Bình Tân', 62, '2023-09-21 09:44:33', '2023-09-21 09:44:33'),
(703, 'Huyện Long Hồ', 62, '2023-09-21 09:44:39', '2023-09-21 09:44:39');
INSERT INTO `district` (`id`, `name`, `id_country`, `created_at`, `updated_at`) VALUES
(704, 'Huyện Mang Thít', 62, '2023-09-21 09:44:44', '2023-09-21 09:44:44'),
(705, 'Huyện Tam Bình', 62, '2023-09-21 09:44:50', '2023-09-21 09:44:50'),
(706, 'Huyện Trà Ôn', 62, '2023-09-21 09:44:57', '2023-09-21 09:44:57'),
(707, 'Huyện Vũng Liêm', 62, '2023-09-21 09:45:02', '2023-09-21 09:45:02'),
(708, 'Thành phố Phúc Yên', 63, '2023-09-21 09:46:34', '2023-09-21 09:46:34'),
(709, 'Thành phố Vĩnh Yên', 63, '2023-09-21 09:46:40', '2023-09-21 09:46:40'),
(710, 'Huyện Bình Xuyên', 63, '2023-09-21 09:46:46', '2023-09-21 09:46:46'),
(711, 'Huyện Lập Thạch', 63, '2023-09-21 09:46:54', '2023-09-21 09:46:54'),
(712, 'Huyện Sông Lô', 63, '2023-09-21 09:47:00', '2023-09-21 09:47:00'),
(713, 'Huyện Tam Đảo', 63, '2023-09-21 09:47:07', '2023-09-21 09:47:07'),
(714, 'Huyện Tam Dương', 63, '2023-09-21 09:47:48', '2023-09-21 09:47:48'),
(715, 'Huyện Vĩnh Tường', 63, '2023-09-21 09:47:53', '2023-09-21 09:47:53'),
(716, 'Huyện Yên Lạc', 63, '2023-09-21 09:48:03', '2023-09-21 09:48:03'),
(717, 'Thành phố Yên Bái', 64, '2023-09-21 09:48:45', '2023-09-21 09:48:45'),
(719, 'Thị xã Nghĩa Lộ', 64, '2023-09-21 09:49:05', '2023-09-21 09:49:05'),
(720, 'Huyện Lục Yên', 64, '2023-09-21 09:49:13', '2023-09-21 09:49:13'),
(721, 'Huyện Mù Cang Chải', 64, '2023-09-21 09:49:20', '2023-09-21 09:49:20'),
(722, 'Huyện Trạm Tấu', 64, '2023-09-21 09:49:25', '2023-09-21 09:49:25'),
(723, 'Huyện Trấn Yên', 64, '2023-09-21 09:49:31', '2023-09-21 09:49:31'),
(724, 'Huyện Văn Chấn', 64, '2023-09-21 09:49:58', '2023-09-21 09:49:58'),
(725, 'Huyện Văn Yên', 64, '2023-09-21 09:50:18', '2023-09-21 09:50:18'),
(726, 'Huyện Yên Bình', 64, '2023-09-21 09:50:24', '2023-09-21 09:50:24'),
(727, 'Huyện Bắc Sơn', 37, '2023-09-21 06:35:07', '2023-09-21 06:35:07');

-- --------------------------------------------------------

--
-- Cấu trúc bảng cho bảng `failed_jobs`
--

CREATE TABLE `failed_jobs` (
  `id` bigint(20) UNSIGNED NOT NULL,
  `uuid` varchar(255) NOT NULL,
  `connection` text NOT NULL,
  `queue` text NOT NULL,
  `payload` longtext NOT NULL,
  `exception` longtext NOT NULL,
  `failed_at` timestamp NOT NULL DEFAULT current_timestamp()
) ENGINE=InnoDB DEFAULT CHARSET=utf8mb4 COLLATE=utf8mb4_unicode_ci;

-- --------------------------------------------------------

--
-- Cấu trúc bảng cho bảng `members`
--

CREATE TABLE `members` (
  `id` bigint(20) UNSIGNED NOT NULL,
  `name` varchar(255) NOT NULL,
  `password` varchar(255) NOT NULL,
  `id_country` int(11) NOT NULL,
  `id_district` int(11) NOT NULL,
  `email` varchar(255) NOT NULL,
  `phone` varchar(255) NOT NULL,
  `address` varchar(255) NOT NULL,
  `level` int(11) NOT NULL,
  `active` int(11) NOT NULL,
  `created_at` timestamp NULL DEFAULT NULL,
  `updated_at` timestamp NULL DEFAULT NULL
) ENGINE=InnoDB DEFAULT CHARSET=utf8mb4 COLLATE=utf8mb4_unicode_ci;

--
-- Đang đổ dữ liệu cho bảng `members`
--

INSERT INTO `members` (`id`, `name`, `password`, `id_country`, `id_district`, `email`, `phone`, `address`, `level`, `active`, `created_at`, `updated_at`) VALUES
(3, 'Đắc Thịnh', '$2y$10$ZQ6ekGEPUxvTShrQebbkEuKTfp6TTPNdKn7UtFqNXtknfRz.3hzTK', 2, 2, 'hha.20it10@gamil.com', '0935386494', 'K41/25 đặng thùy trâm', 1, 0, '2023-10-10 10:24:45', '2023-10-16 11:35:24'),
(13, 'Phạm Đoàn Thuý Vy2222', '$2y$10$nsB8080PNiNLlk5EsG2mq.QxvjewNBuiSl57LPagAMrCdYKXvWwuG', 3, 52, 'thinhpd1805@gmail.com', '0777118502', 'k42/38 Nguyễn Thành Hãn phường Hoà Thuận Tây , quận Hải Châu', 0, 0, '2023-11-04 16:09:28', '2023-11-04 16:12:35');

-- --------------------------------------------------------

--
-- Cấu trúc bảng cho bảng `migrations`
--

CREATE TABLE `migrations` (
  `id` int(10) UNSIGNED NOT NULL,
  `migration` varchar(255) NOT NULL,
  `batch` int(11) NOT NULL
) ENGINE=InnoDB DEFAULT CHARSET=utf8mb4 COLLATE=utf8mb4_unicode_ci;

--
-- Đang đổ dữ liệu cho bảng `migrations`
--

INSERT INTO `migrations` (`id`, `migration`, `batch`) VALUES
(1, '2014_10_12_000000_create_users_table', 1),
(2, '2014_10_12_100000_create_password_reset_tokens_table', 1),
(3, '2019_08_19_000000_create_failed_jobs_table', 1),
(4, '2019_12_14_000001_create_personal_access_tokens_table', 1),
(5, '2023_09_20_182056_create_country_table', 1),
(6, '2023_09_20_191033_create_district_table', 2),
(7, '2023_09_23_175814_create_members_table', 3),
(8, '2023_09_26_180856_create_subject_table', 4),
(9, '2023_09_27_181904_create_class_table', 5),
(10, '2023_09_27_182211_update_id_class', 6),
(11, '2023_09_29_182128_create_blog_table', 7),
(12, '2023_10_19_181456_create_tutor_table', 8),
(13, '2023_10_20_173012_update_active_tutor_table', 9),
(14, '2023_10_20_183318_create_wishlistmember_table', 10),
(15, '2023_10_30_174105_create_wishlist_blog_table', 11),
(16, '2023_11_05_185341_create_schedule_table', 12);

-- --------------------------------------------------------

--
-- Cấu trúc bảng cho bảng `password_reset_tokens`
--

CREATE TABLE `password_reset_tokens` (
  `email` varchar(255) NOT NULL,
  `token` varchar(255) NOT NULL,
  `created_at` timestamp NULL DEFAULT NULL
) ENGINE=InnoDB DEFAULT CHARSET=utf8mb4 COLLATE=utf8mb4_unicode_ci;

-- --------------------------------------------------------

--
-- Cấu trúc bảng cho bảng `personal_access_tokens`
--

CREATE TABLE `personal_access_tokens` (
  `id` bigint(20) UNSIGNED NOT NULL,
  `tokenable_type` varchar(255) NOT NULL,
  `tokenable_id` bigint(20) UNSIGNED NOT NULL,
  `name` varchar(255) NOT NULL,
  `token` varchar(64) NOT NULL,
  `abilities` text DEFAULT NULL,
  `last_used_at` timestamp NULL DEFAULT NULL,
  `expires_at` timestamp NULL DEFAULT NULL,
  `created_at` timestamp NULL DEFAULT NULL,
  `updated_at` timestamp NULL DEFAULT NULL
) ENGINE=InnoDB DEFAULT CHARSET=utf8mb4 COLLATE=utf8mb4_unicode_ci;

-- --------------------------------------------------------

--
-- Cấu trúc bảng cho bảng `schedule`
--

CREATE TABLE `schedule` (
  `id` bigint(20) UNSIGNED NOT NULL,
  `id_tutor` int(11) NOT NULL,
  `id_blog` int(11) NOT NULL,
  `id_member` int(11) NOT NULL,
  `active` int(11) NOT NULL,
  `day` varchar(255) NOT NULL,
  `hour` varchar(255) NOT NULL,
  `location` varchar(255) NOT NULL,
  `created_at` timestamp NULL DEFAULT NULL,
  `updated_at` timestamp NULL DEFAULT NULL
) ENGINE=InnoDB DEFAULT CHARSET=utf8mb4 COLLATE=utf8mb4_unicode_ci;

-- --------------------------------------------------------

--
-- Cấu trúc bảng cho bảng `subject`
--

CREATE TABLE `subject` (
  `id` bigint(20) UNSIGNED NOT NULL,
  `name` varchar(255) NOT NULL,
  `created_at` timestamp NULL DEFAULT NULL,
  `updated_at` timestamp NULL DEFAULT NULL,
  `id_class` int(11) NOT NULL
) ENGINE=InnoDB DEFAULT CHARSET=utf8mb4 COLLATE=utf8mb4_unicode_ci;

--
-- Đang đổ dữ liệu cho bảng `subject`
--

INSERT INTO `subject` (`id`, `name`, `created_at`, `updated_at`, `id_class`) VALUES
(3, 'Tiếng Việt', '2023-10-04 01:29:49', '2023-10-04 01:29:49', 3),
(4, 'Toán', '2023-10-04 01:30:39', '2023-10-04 01:30:39', 3),
(6, 'Ngoại Ngữ', '2023-10-04 01:33:59', '2023-10-04 01:33:59', 3),
(7, 'Tự nhiên và Xã hội', '2023-10-04 01:34:07', '2023-10-04 01:34:07', 3),
(8, 'Lịch Sử', '2023-10-04 01:34:14', '2023-10-04 01:34:14', 3),
(9, 'Địa Lý', '2023-10-04 01:34:19', '2023-10-04 01:34:19', 3),
(10, 'Khoa Học', '2023-10-04 01:34:55', '2023-10-04 01:34:55', 3),
(11, 'Tin Học', '2023-10-04 01:35:34', '2023-10-04 01:35:34', 3),
(12, 'Công Nghệ', '2023-10-04 01:35:45', '2023-10-04 01:35:45', 3),
(13, 'Mỹ Thuật', '2023-10-04 01:35:54', '2023-10-04 01:35:54', 3),
(14, 'Âm Nhạc', '2023-10-04 01:36:00', '2023-10-04 01:36:00', 3),
(21, 'Tiếng Việt', '2023-10-04 01:42:14', '2023-10-04 01:42:14', 4),
(22, 'Toán', '2023-10-04 01:42:21', '2023-10-04 01:42:21', 4),
(24, 'Ngoại Ngữ', '2023-10-04 01:42:33', '2023-10-04 01:42:33', 4),
(25, 'Tự nhiên và Xã hội', '2023-10-04 01:45:24', '2023-10-04 01:45:24', 4),
(26, 'Lịch Sử', '2023-10-04 01:45:31', '2023-10-04 01:45:31', 4),
(27, 'Địa Lý', '2023-10-04 01:45:36', '2023-10-04 01:45:36', 4),
(28, 'Khoa Học', '2023-10-04 01:45:42', '2023-10-04 01:45:42', 4),
(29, 'Tin Học', '2023-10-04 01:46:44', '2023-10-04 01:46:44', 4),
(30, 'Công Nghệ', '2023-10-04 01:46:50', '2023-10-04 01:46:50', 4),
(31, 'Mỹ Thuật', '2023-10-04 01:46:55', '2023-10-04 01:46:55', 4),
(32, 'Âm Nhạc', '2023-10-04 01:47:01', '2023-10-04 01:47:01', 4),
(33, 'Tiếng Việt', '2023-10-04 01:48:21', '2023-10-04 01:48:21', 5),
(34, 'Toán', '2023-10-04 01:48:26', '2023-10-04 01:48:26', 5),
(35, 'Ngoại Ngữ', '2023-10-04 01:48:31', '2023-10-04 01:48:31', 5),
(36, 'Tự nhiên và Xã hội', '2023-10-04 01:48:40', '2023-10-04 01:48:40', 5),
(37, 'Lịch Sử', '2023-10-04 01:48:47', '2023-10-04 01:48:47', 5),
(38, 'Địa Lý', '2023-10-04 01:49:09', '2023-10-04 01:49:09', 5),
(39, 'Khoa Học', '2023-10-04 01:49:15', '2023-10-04 01:49:15', 5),
(40, 'Tin Học', '2023-10-04 01:49:29', '2023-10-04 01:49:29', 5),
(41, 'Công Nghệ', '2023-10-04 01:49:34', '2023-10-04 01:49:34', 5),
(42, 'Mỹ Thuật', '2023-10-04 01:49:41', '2023-10-04 01:49:41', 5),
(43, 'Âm Nhạc', '2023-10-04 01:49:46', '2023-10-04 01:49:46', 5),
(44, 'Tiếng Việt', '2023-10-04 01:50:56', '2023-10-04 01:50:56', 6),
(45, 'Toán', '2023-10-04 01:51:07', '2023-10-04 01:51:07', 6),
(47, 'Tự nhiên và Xã hội', '2023-10-04 01:51:33', '2023-10-04 01:51:33', 6),
(48, 'Lịch Sử', '2023-10-04 01:51:39', '2023-10-04 01:51:39', 6),
(49, 'Địa Lý', '2023-10-04 01:51:44', '2023-10-04 01:51:44', 6),
(51, 'Khoa Học', '2023-10-04 01:51:55', '2023-10-04 01:51:55', 6),
(52, 'Công Nghệ', '2023-10-04 01:52:01', '2023-10-04 01:52:01', 6),
(53, 'Mỹ Thuật', '2023-10-04 01:52:06', '2023-10-04 01:52:06', 6),
(54, 'Âm Nhạc', '2023-10-04 01:52:12', '2023-10-04 01:52:12', 6),
(55, 'Tiếng Việt', '2023-10-04 01:53:20', '2023-10-04 01:53:20', 7),
(56, 'Toán', '2023-10-04 01:53:27', '2023-10-04 01:53:27', 7),
(57, 'Ngoại Ngữ', '2023-10-04 01:53:32', '2023-10-04 01:53:32', 7),
(58, 'Tự nhiên và Xã hội', '2023-10-04 01:53:37', '2023-10-04 01:53:37', 7),
(59, 'Lịch Sử', '2023-10-04 01:53:42', '2023-10-04 01:53:42', 7),
(60, 'Địa Lý', '2023-10-04 01:53:47', '2023-10-04 01:53:47', 7),
(61, 'Khoa Học', '2023-10-04 01:53:54', '2023-10-04 01:53:54', 7),
(62, 'Tin Học', '2023-10-04 01:53:59', '2023-10-04 01:53:59', 7),
(63, 'Công Nghệ', '2023-10-04 01:54:06', '2023-10-04 01:54:06', 7),
(64, 'Mỹ Thuật', '2023-10-04 01:54:12', '2023-10-04 01:54:12', 7),
(65, 'Âm Nhạc', '2023-10-04 01:54:19', '2023-10-04 01:54:19', 7),
(66, 'Tin Học', '2023-10-04 01:58:17', '2023-10-04 01:58:17', 6),
(67, 'Toán', '2023-10-05 19:24:34', '2023-10-05 19:24:34', 8),
(68, 'Vật Lý', '2023-10-05 19:24:49', '2023-10-05 19:24:49', 8),
(69, 'Ngoại Ngữ', '2023-10-05 19:24:58', '2023-10-05 19:24:58', 8),
(70, 'Ngữ Văn', '2023-10-05 19:25:05', '2023-10-05 19:25:05', 8),
(71, 'Công Nghệ', '2023-10-05 19:25:11', '2023-10-05 19:25:11', 8),
(72, 'Sinh Học', '2023-10-05 19:25:19', '2023-10-05 19:25:19', 8),
(74, 'Lịch Sử', '2023-10-05 19:25:47', '2023-10-05 19:25:47', 8),
(75, 'Giáo Dục Công Dân', '2023-10-05 19:25:59', '2023-10-05 19:25:59', 8),
(76, 'Địa Lý', '2023-10-05 19:26:05', '2023-10-05 19:26:05', 8),
(77, 'Tin Học', '2023-10-05 19:26:10', '2023-10-05 19:26:10', 8),
(78, 'Âm Nhạc', '2023-10-05 19:26:19', '2023-10-05 19:26:19', 8),
(79, 'Mỹ Thuật', '2023-10-05 19:26:25', '2023-10-05 19:26:25', 8),
(86, 'Toán', '2023-10-05 19:29:01', '2023-10-05 19:29:01', 10),
(87, 'Vật Lý', '2023-10-05 19:29:07', '2023-10-05 19:29:07', 10),
(88, 'Ngoại Ngữ', '2023-10-05 19:29:13', '2023-10-05 19:29:13', 10),
(89, 'Ngữ Văn', '2023-10-05 19:29:19', '2023-10-05 19:29:19', 10),
(90, 'Công Nghệ', '2023-10-05 19:29:24', '2023-10-05 19:29:24', 10),
(91, 'Sinh Học', '2023-10-05 19:29:29', '2023-10-05 19:29:29', 10),
(92, 'Lịch Sử', '2023-10-05 19:29:33', '2023-10-05 19:29:33', 10),
(93, 'Giáo Dục Công Dân', '2023-10-05 19:29:43', '2023-10-05 19:29:43', 10),
(94, 'Địa Lý', '2023-10-05 19:29:47', '2023-10-05 19:29:47', 10),
(95, 'Tin Học', '2023-10-05 19:29:53', '2023-10-05 19:29:53', 10),
(96, 'Âm Nhạc', '2023-10-05 19:29:58', '2023-10-05 19:29:58', 10),
(97, 'Mỹ Thuật', '2023-10-05 19:30:04', '2023-10-05 19:30:04', 10),
(98, 'Toán', '2023-10-05 19:30:13', '2023-10-05 19:30:13', 11),
(99, 'Vật Lý', '2023-10-05 19:30:19', '2023-10-05 19:30:19', 11),
(100, 'Hoá Học', '2023-10-05 19:30:24', '2023-10-05 19:30:24', 11),
(101, 'Ngoại Ngữ', '2023-10-05 19:30:29', '2023-10-05 19:30:29', 11),
(102, 'Ngữ Văn', '2023-10-05 19:30:34', '2023-10-05 19:30:34', 11),
(103, 'Công Nghệ', '2023-10-05 19:30:40', '2023-10-05 19:30:40', 11),
(104, 'Sinh Học', '2023-10-05 19:30:45', '2023-10-05 19:30:45', 11),
(105, 'Lịch Sử', '2023-10-05 19:30:52', '2023-10-05 19:30:52', 11),
(106, 'Giáo Dục Công Dân', '2023-10-05 19:30:59', '2023-10-05 19:30:59', 11),
(107, 'Địa Lý', '2023-10-05 19:31:05', '2023-10-05 19:31:05', 11),
(108, 'Tin Học', '2023-10-05 19:31:10', '2023-10-05 19:31:10', 11),
(109, 'Âm Nhạc', '2023-10-05 19:31:20', '2023-10-05 19:31:20', 11),
(110, 'Mỹ Thuật', '2023-10-05 19:31:26', '2023-10-05 19:31:26', 11),
(111, 'Toán', '2023-10-05 19:31:38', '2023-10-05 19:31:38', 12),
(112, 'Vật Lý', '2023-10-05 19:31:43', '2023-10-05 19:31:43', 12),
(113, 'Hoá Học', '2023-10-05 19:31:49', '2023-10-05 19:31:49', 12),
(114, 'Ngoại Ngữ', '2023-10-05 19:31:57', '2023-10-05 19:31:57', 12),
(115, 'Ngữ Văn', '2023-10-05 19:32:02', '2023-10-05 19:32:02', 12),
(116, 'Công Nghệ', '2023-10-05 19:32:08', '2023-10-05 19:32:08', 12),
(117, 'Sinh Học', '2023-10-05 19:32:14', '2023-10-05 19:32:14', 12),
(118, 'Lịch Sử', '2023-10-05 19:32:21', '2023-10-05 19:32:21', 12),
(119, 'Giáo Dục Công Dân', '2023-10-05 19:32:28', '2023-10-05 19:32:28', 12),
(120, 'Địa Lý', '2023-10-05 19:32:33', '2023-10-05 19:32:33', 12),
(121, 'Tin Học', '2023-10-05 19:32:38', '2023-10-05 19:32:38', 12),
(122, 'Âm Nhạc', '2023-10-05 19:32:44', '2023-10-05 19:32:44', 12),
(123, 'Mỹ Thuật', '2023-10-05 19:32:49', '2023-10-05 19:32:49', 12),
(124, 'Toán', '2023-10-05 19:33:07', '2023-10-05 19:33:07', 13),
(125, 'Vật Lý', '2023-10-05 19:33:14', '2023-10-05 19:33:14', 13),
(126, 'Hoá Học', '2023-10-05 19:33:20', '2023-10-05 19:33:20', 13),
(127, 'Ngoại Ngữ', '2023-10-05 19:33:27', '2023-10-05 19:33:27', 13),
(128, 'Ngữ Văn', '2023-10-05 19:33:32', '2023-10-05 19:33:32', 13),
(129, 'Công Nghệ', '2023-10-05 19:33:39', '2023-10-05 19:33:39', 13),
(130, 'Sinh Học', '2023-10-05 19:33:49', '2023-10-05 19:33:49', 13),
(131, 'Lịch Sử', '2023-10-05 19:33:55', '2023-10-05 19:33:55', 13),
(132, 'Giáo Dục Công Dân', '2023-10-05 19:34:15', '2023-10-05 19:34:15', 13),
(133, 'Địa Lý', '2023-10-05 19:34:23', '2023-10-05 19:34:23', 13),
(134, 'Tin Học', '2023-10-05 19:34:28', '2023-10-05 19:34:28', 13),
(135, 'Toán', '2023-10-05 19:34:38', '2023-10-05 19:34:38', 14),
(136, 'Vật Lý', '2023-10-05 19:34:45', '2023-10-05 19:34:45', 14),
(137, 'Hoá Học', '2023-10-05 19:34:58', '2023-10-05 19:34:58', 14),
(138, 'Ngoại Ngữ', '2023-10-05 19:35:04', '2023-10-05 19:35:04', 14),
(139, 'Ngữ Văn', '2023-10-05 19:35:11', '2023-10-05 19:35:11', 14),
(140, 'Công Nghệ', '2023-10-05 19:35:18', '2023-10-05 19:35:18', 14),
(141, 'Sinh Học', '2023-10-05 19:35:26', '2023-10-05 19:35:26', 14),
(142, 'Lịch Sử', '2023-10-05 19:35:32', '2023-10-05 19:35:32', 14),
(143, 'Giáo Dục Công Dân', '2023-10-05 19:35:39', '2023-10-05 19:35:39', 14),
(144, 'Địa Lý', '2023-10-05 19:35:45', '2023-10-05 19:35:45', 14),
(145, 'Tin Học', '2023-10-05 19:35:50', '2023-10-05 19:35:50', 14),
(146, 'Toán', '2023-10-05 19:36:12', '2023-10-05 19:36:12', 15),
(147, 'Vật Lý', '2023-10-05 19:36:18', '2023-10-05 19:36:18', 15),
(148, 'Hoá Học', '2023-10-05 19:36:25', '2023-10-05 19:36:25', 15),
(149, 'Ngoại Ngữ', '2023-10-05 19:36:32', '2023-10-05 19:36:32', 15),
(150, 'Ngữ Văn', '2023-10-05 19:36:37', '2023-10-05 19:36:37', 15),
(151, 'Công Nghệ', '2023-10-05 19:36:43', '2023-10-05 19:36:43', 15),
(152, 'Sinh Học', '2023-10-05 19:36:50', '2023-10-05 19:36:50', 15),
(153, 'Lịch Sử', '2023-10-05 19:36:57', '2023-10-05 19:36:57', 15),
(154, 'Giáo Dục Công Dân', '2023-10-05 19:37:05', '2023-10-05 19:37:05', 15),
(155, 'Địa Lý', '2023-10-05 19:37:14', '2023-10-05 19:37:14', 15),
(156, 'Tin Học', '2023-10-05 19:37:20', '2023-10-05 19:37:20', 15);

-- --------------------------------------------------------

--
-- Cấu trúc bảng cho bảng `tutor`
--

CREATE TABLE `tutor` (
  `id` bigint(20) UNSIGNED NOT NULL,
  `username` varchar(255) NOT NULL,
  `email` varchar(255) NOT NULL,
  `password` varchar(255) NOT NULL,
  `name` varchar(255) NOT NULL,
  `phone` varchar(255) NOT NULL,
  `sex` varchar(255) NOT NULL,
  `birth` varchar(255) NOT NULL,
  `id_country` int(11) NOT NULL,
  `id_district` int(11) NOT NULL,
  `address` varchar(255) NOT NULL,
  `desc` text NOT NULL,
  `role` varchar(255) NOT NULL,
  `time` varchar(255) NOT NULL,
  `level` varchar(255) NOT NULL,
  `special` varchar(255) NOT NULL,
  `id_class` int(11) NOT NULL,
  `id_subject` int(11) NOT NULL,
  `type` varchar(255) NOT NULL,
  `schedule` text NOT NULL,
  `avatar` varchar(255) NOT NULL,
  `certificate` varchar(255) NOT NULL,
  `active` int(11) NOT NULL,
  `created_at` timestamp NULL DEFAULT NULL,
  `updated_at` timestamp NULL DEFAULT NULL
) ENGINE=InnoDB DEFAULT CHARSET=utf8mb4 COLLATE=utf8mb4_unicode_ci;

--
-- Đang đổ dữ liệu cho bảng `tutor`
--

INSERT INTO `tutor` (`id`, `username`, `email`, `password`, `name`, `phone`, `sex`, `birth`, `id_country`, `id_district`, `address`, `desc`, `role`, `time`, `level`, `special`, `id_class`, `id_subject`, `type`, `schedule`, `avatar`, `certificate`, `active`, `created_at`, `updated_at`) VALUES
(1, 'tho', 'tho@gmail.com', '$2y$10$4K5U8dOqPrJ3NBBPqtFSFuH9V5tdivFaWa0tcQTS.TGz7vFcDxFfa', 'Phạm Đăc Thịnh', '0777118502', 'Nam', '2023-11-09', 2, 19, 'k42/38 Nguyễn Thành Hãn phường Hoà Thuận Tây , quận Hải Châu', 'I am an active person, and have quite good communication skills', 'sinh vien', '150000', 'gioi', 'Math', 5, 34, 'Online', 'lịch rảnh của tôi vào thứ 2 và thứ 4 và thứ 7', '1698902069_avatar.png', '1698902069_certificate.png', 0, '2023-11-02 12:14:29', '2023-11-02 12:14:29'),
(2, 'thịnh', '123@gmail.com', '$2y$10$XrNdkgYhauMfiNqKbzV57.RK7amA4d/vYh2Q7fW99667IfvZZNVJS', 'Nguyễn Văn A', '0777118502', 'Nam', '2002-12-04', 11, 125, 'k42/38 Nguyễn Thành Hãn phường Hoà Thuận Tây , quận Hải Châu', 'dvsbsfb', 'Tutor', '120', 'gioi', 'Math', 8, 69, 'Online', 'lịch rảnh của tôi vào thứ 2 và thứ 4 và thứ 7', '1699046553_avatar.png', '1699046553_certificate.png', 0, '2023-11-04 04:22:33', '2023-11-04 04:22:33'),
(3, 'thịnh', 'nhathoa3062002@gmail.com', '$2y$10$yl05rrfmn22KO6JfoQuFZOp0Fm4bHtshJ8ZYL5yXhyyEwsfNz12ey', 'Phạm Đoàn Thuý Vy', '0777118502', 'Nam', '2002-12-03', 16, 173, 'k42/38 Nguyễn Thành Hãn phường Hoà Thuận Tây , quận Hải Châu', 'I am an active person, and have quite good communication skills', 'IT', '200,000', 'good', 'Math', 12, 111, 'Online', 'lịch rảnh của tôi vào thứ 2 và thứ 4 và thứ 7', '1699051738_avatar.png', '1699051738_certificate.png', 0, '2023-11-04 05:48:58', '2023-11-04 05:48:58');

-- --------------------------------------------------------

--
-- Cấu trúc bảng cho bảng `users`
--

CREATE TABLE `users` (
  `id` bigint(20) UNSIGNED NOT NULL,
  `name` varchar(255) NOT NULL,
  `email` varchar(255) NOT NULL,
  `email_verified_at` timestamp NULL DEFAULT NULL,
  `password` varchar(255) NOT NULL,
  `remember_token` varchar(100) DEFAULT NULL,
  `created_at` timestamp NULL DEFAULT NULL,
  `updated_at` timestamp NULL DEFAULT NULL
) ENGINE=InnoDB DEFAULT CHARSET=utf8mb4 COLLATE=utf8mb4_unicode_ci;

-- --------------------------------------------------------

--
-- Cấu trúc bảng cho bảng `wishlistblog`
--

CREATE TABLE `wishlistblog` (
  `id` bigint(20) UNSIGNED NOT NULL,
  `id_tutor` int(11) NOT NULL,
  `id_blog` int(11) NOT NULL,
  `created_at` timestamp NULL DEFAULT NULL,
  `updated_at` timestamp NULL DEFAULT NULL
) ENGINE=InnoDB DEFAULT CHARSET=utf8mb4 COLLATE=utf8mb4_unicode_ci;

--
-- Đang đổ dữ liệu cho bảng `wishlistblog`
--

INSERT INTO `wishlistblog` (`id`, `id_tutor`, `id_blog`, `created_at`, `updated_at`) VALUES
(1, 1, 1, '2023-11-02 12:15:07', '2023-11-02 12:15:07'),
(2, 1, 1, '2023-11-02 12:50:32', '2023-11-02 12:50:32'),
(3, 1, 1, '2023-11-04 04:23:51', '2023-11-04 04:23:51'),
(4, 1, 1, '2023-11-04 04:23:52', '2023-11-04 04:23:52'),
(5, 1, 1, '2023-11-04 04:24:08', '2023-11-04 04:24:08'),
(6, 3, 1, '2023-11-04 05:52:13', '2023-11-04 05:52:13');

-- --------------------------------------------------------

--
-- Cấu trúc bảng cho bảng `wishlistmember`
--

CREATE TABLE `wishlistmember` (
  `id` bigint(20) UNSIGNED NOT NULL,
  `id_member` int(11) NOT NULL,
  `id_tutor` int(11) NOT NULL,
  `created_at` timestamp NULL DEFAULT NULL,
  `updated_at` timestamp NULL DEFAULT NULL
) ENGINE=InnoDB DEFAULT CHARSET=utf8mb4 COLLATE=utf8mb4_unicode_ci;

--
-- Đang đổ dữ liệu cho bảng `wishlistmember`
--

INSERT INTO `wishlistmember` (`id`, `id_member`, `id_tutor`, `created_at`, `updated_at`) VALUES
(1, 3, 2, '2023-10-20 11:49:46', '2023-10-20 11:49:46'),
(2, 3, 1, '2023-11-03 15:28:02', '2023-11-03 15:28:02'),
(5, 3, 1, '2023-11-04 04:27:07', '2023-11-04 04:27:07'),
(6, 3, 1, '2023-11-04 06:08:07', '2023-11-04 06:08:07'),
(7, 3, 1, '2023-11-04 06:09:05', '2023-11-04 06:09:05'),
(8, 4, 1, '2023-11-04 08:45:36', '2023-11-04 08:45:36'),
(9, 4, 2, '2023-11-04 08:45:40', '2023-11-04 08:45:40'),
(10, 4, 3, '2023-11-04 08:45:41', '2023-11-04 08:45:41');

--
-- Chỉ mục cho các bảng đã đổ
--

--
-- Chỉ mục cho bảng `blog`
--
ALTER TABLE `blog`
  ADD PRIMARY KEY (`id`);

--
-- Chỉ mục cho bảng `class`
--
ALTER TABLE `class`
  ADD PRIMARY KEY (`id`);

--
-- Chỉ mục cho bảng `country`
--
ALTER TABLE `country`
  ADD PRIMARY KEY (`id`);

--
-- Chỉ mục cho bảng `district`
--
ALTER TABLE `district`
  ADD PRIMARY KEY (`id`);

--
-- Chỉ mục cho bảng `failed_jobs`
--
ALTER TABLE `failed_jobs`
  ADD PRIMARY KEY (`id`),
  ADD UNIQUE KEY `failed_jobs_uuid_unique` (`uuid`);

--
-- Chỉ mục cho bảng `members`
--
ALTER TABLE `members`
  ADD PRIMARY KEY (`id`);

--
-- Chỉ mục cho bảng `migrations`
--
ALTER TABLE `migrations`
  ADD PRIMARY KEY (`id`);

--
-- Chỉ mục cho bảng `password_reset_tokens`
--
ALTER TABLE `password_reset_tokens`
  ADD PRIMARY KEY (`email`);

--
-- Chỉ mục cho bảng `personal_access_tokens`
--
ALTER TABLE `personal_access_tokens`
  ADD PRIMARY KEY (`id`),
  ADD UNIQUE KEY `personal_access_tokens_token_unique` (`token`),
  ADD KEY `personal_access_tokens_tokenable_type_tokenable_id_index` (`tokenable_type`,`tokenable_id`);

--
-- Chỉ mục cho bảng `schedule`
--
ALTER TABLE `schedule`
  ADD PRIMARY KEY (`id`);

--
-- Chỉ mục cho bảng `subject`
--
ALTER TABLE `subject`
  ADD PRIMARY KEY (`id`);

--
-- Chỉ mục cho bảng `tutor`
--
ALTER TABLE `tutor`
  ADD PRIMARY KEY (`id`);

--
-- Chỉ mục cho bảng `users`
--
ALTER TABLE `users`
  ADD PRIMARY KEY (`id`),
  ADD UNIQUE KEY `users_email_unique` (`email`);

--
-- Chỉ mục cho bảng `wishlistblog`
--
ALTER TABLE `wishlistblog`
  ADD PRIMARY KEY (`id`);

--
-- Chỉ mục cho bảng `wishlistmember`
--
ALTER TABLE `wishlistmember`
  ADD PRIMARY KEY (`id`);

--
-- AUTO_INCREMENT cho các bảng đã đổ
--

--
-- AUTO_INCREMENT cho bảng `blog`
--
ALTER TABLE `blog`
  MODIFY `id` bigint(20) UNSIGNED NOT NULL AUTO_INCREMENT, AUTO_INCREMENT=32;

--
-- AUTO_INCREMENT cho bảng `class`
--
ALTER TABLE `class`
  MODIFY `id` bigint(20) UNSIGNED NOT NULL AUTO_INCREMENT, AUTO_INCREMENT=16;

--
-- AUTO_INCREMENT cho bảng `country`
--
ALTER TABLE `country`
  MODIFY `id` bigint(20) UNSIGNED NOT NULL AUTO_INCREMENT, AUTO_INCREMENT=65;

--
-- AUTO_INCREMENT cho bảng `district`
--
ALTER TABLE `district`
  MODIFY `id` bigint(20) UNSIGNED NOT NULL AUTO_INCREMENT, AUTO_INCREMENT=728;

--
-- AUTO_INCREMENT cho bảng `failed_jobs`
--
ALTER TABLE `failed_jobs`
  MODIFY `id` bigint(20) UNSIGNED NOT NULL AUTO_INCREMENT;

--
-- AUTO_INCREMENT cho bảng `members`
--
ALTER TABLE `members`
  MODIFY `id` bigint(20) UNSIGNED NOT NULL AUTO_INCREMENT, AUTO_INCREMENT=14;

--
-- AUTO_INCREMENT cho bảng `migrations`
--
ALTER TABLE `migrations`
  MODIFY `id` int(10) UNSIGNED NOT NULL AUTO_INCREMENT, AUTO_INCREMENT=17;

--
-- AUTO_INCREMENT cho bảng `personal_access_tokens`
--
ALTER TABLE `personal_access_tokens`
  MODIFY `id` bigint(20) UNSIGNED NOT NULL AUTO_INCREMENT;

--
-- AUTO_INCREMENT cho bảng `schedule`
--
ALTER TABLE `schedule`
  MODIFY `id` bigint(20) UNSIGNED NOT NULL AUTO_INCREMENT;

--
-- AUTO_INCREMENT cho bảng `subject`
--
ALTER TABLE `subject`
  MODIFY `id` bigint(20) UNSIGNED NOT NULL AUTO_INCREMENT, AUTO_INCREMENT=157;

--
-- AUTO_INCREMENT cho bảng `tutor`
--
ALTER TABLE `tutor`
  MODIFY `id` bigint(20) UNSIGNED NOT NULL AUTO_INCREMENT, AUTO_INCREMENT=4;

--
-- AUTO_INCREMENT cho bảng `users`
--
ALTER TABLE `users`
  MODIFY `id` bigint(20) UNSIGNED NOT NULL AUTO_INCREMENT;

--
-- AUTO_INCREMENT cho bảng `wishlistblog`
--
ALTER TABLE `wishlistblog`
  MODIFY `id` bigint(20) UNSIGNED NOT NULL AUTO_INCREMENT, AUTO_INCREMENT=7;

--
-- AUTO_INCREMENT cho bảng `wishlistmember`
--
ALTER TABLE `wishlistmember`
  MODIFY `id` bigint(20) UNSIGNED NOT NULL AUTO_INCREMENT, AUTO_INCREMENT=11;
COMMIT;

/*!40101 SET CHARACTER_SET_CLIENT=@OLD_CHARACTER_SET_CLIENT */;
/*!40101 SET CHARACTER_SET_RESULTS=@OLD_CHARACTER_SET_RESULTS */;
/*!40101 SET COLLATION_CONNECTION=@OLD_COLLATION_CONNECTION */;
